<?xml version="1.0"?>
<!DOCTYPE service-builder PUBLIC "-//Liferay//DTD Service Builder 6.1.0//EN" "http://www.liferay.com/dtd/liferay-service-builder_6_1_0.dtd">

<service-builder package-path="com.liferay.portlet.bookmarks">
	<namespace>Bookmarks</namespace>
	<entity name="BookmarksEntry" uuid="true" local-service="true" remote-service="true">

		<!-- PK fields -->

		<column name="entryId" type="long" primary="true" />

		<!-- Group instance -->

		<column name="groupId" type="long" />

		<!-- Audit fields -->

		<column name="companyId" type="long" />
		<column name="userId" type="long" />
		<column name="userName" type="String" />
		<column name="createDate" type="Date" />
		<column name="modifiedDate" type="Date" />

		<!-- Permission fields -->

		<column name="resourceBlockId" type="long" />

		<!-- Other fields -->

		<column name="folderId" type="long" />
		<column name="name" type="String" />
		<column name="url" type="String" />
		<column name="description" type="String" />
		<column name="visits" type="int" />
		<column name="priority" type="int" />

		<!-- Order -->

		<order by="asc">
			<order-column name="folderId" />
			<order-column name="name" case-sensitive="false" />
		</order>

		<!-- Finder methods -->

		<finder name="GroupId" return-type="Collection">
			<finder-column name="groupId" />
		</finder>
		<finder name="G_U" return-type="Collection">
			<finder-column name="groupId" />
			<finder-column name="userId" />
		</finder>
		<finder name="G_F" return-type="Collection">
			<finder-column name="groupId" />
			<finder-column name="folderId" arrayable-operator="OR" />
		</finder>

		<!-- References -->

		<reference package-path="com.liferay.portlet.asset" entity="AssetEntry" />
		<reference package-path="com.liferay.portlet.asset" entity="AssetLink" />
		<reference package-path="com.liferay.portlet.asset" entity="AssetTag" />
		<reference package-path="com.liferay.portlet.expando" entity="ExpandoValue" />
	</entity>
	<entity name="BookmarksFolder" uuid="true" local-service="true" remote-service="true">

		<!-- PK fields -->

		<column name="folderId" type="long" primary="true" />

		<!-- Group instance -->

		<column name="groupId" type="long" />

		<!-- Audit fields -->

		<column name="companyId" type="long" />
		<column name="userId" type="long" />
		<column name="userName" type="String" />
		<column name="createDate" type="Date" />
		<column name="modifiedDate" type="Date" />

		<!-- Permission fields -->

		<column name="resourceBlockId" type="long" />

		<!-- Other fields -->

		<column name="parentFolderId" type="long" />
		<column name="name" type="String" />
		<column name="description" type="String" />

		<!-- Order -->

		<order by="asc">
			<order-column name="parentFolderId" />
			<order-column name="name" case-sensitive="false" />
		</order>

		<!-- Finder methods -->

		<finder name="GroupId" return-type="Collection">
			<finder-column name="groupId" />
		</finder>
		<finder name="CompanyId" return-type="Collection">
			<finder-column name="companyId" />
		</finder>
		<finder name="G_P" return-type="Collection">
			<finder-column name="groupId" />
			<finder-column name="parentFolderId" />
		</finder>

		<!-- References -->

		<reference package-path="com.liferay.portal" entity="Group" />
		<reference package-path="com.liferay.portlet.expando" entity="ExpandoValue" />
	</entity>
	<exceptions>
		<exception>EntryURL</exception>
		<exception>FolderName</exception>
	</exceptions>
</service-builder>