<?xml version="1.0"?>
<!DOCTYPE service-builder PUBLIC "-//Liferay//DTD Service Builder 6.1.0//EN" "http://www.liferay.com/dtd/liferay-service-builder_6_1_0.dtd">

<service-builder package-path="com.liferay.marketplace">
	<author>Ryan Park</author>
	<namespace>Marketplace</namespace>
	<entity name="App" uuid="true" local-service="true" remote-service="false">

		<!-- PK fields -->

		<column name="appId" type="long" primary="true" />

		<!-- Audit fields -->

		<column name="companyId" type="long" />
		<column name="userId" type="long" />
		<column name="userName" type="String" />
		<column name="createDate" type="Date" />
		<column name="modifiedDate" type="Date" />

		<!-- Other fields -->

		<column name="remoteAppId" type="long" />
		<column name="version" type="String" />

		<!-- Finder methods -->

		<finder name="CompanyId" return-type="Collection">
			<finder-column name="companyId" />
		</finder>
		<finder name="RemoteAppId" return-type="App">
			<finder-column name="remoteAppId" />
		</finder>
	</entity>
	<entity name="Module" uuid="true" local-service="true" remote-service="false">

		<!-- PK fields -->

		<column name="moduleId" type="long" primary="true" />

		<!-- Other fields -->

		<column name="appId" type="long" />
		<column name="contextName" type="String" />

		<!-- Finder methods -->

		<finder name="AppId" return-type="Collection">
			<finder-column name="appId" />
		</finder>
		<finder name="ContextName" return-type="Collection">
			<finder-column name="contextName" />
		</finder>
		<finder name="A_C" return-type="Module">
			<finder-column name="appId" />
			<finder-column name="contextName" />
		</finder>
	</entity>
	<exceptions>
		<exception>DuplicateApp</exception>
		<exception>AppVersion</exception>
	</exceptions>
</service-builder>