<?xml version="1.0"?>

<workflow-definition
	xmlns="urn:liferay.com:liferay-workflow_6.1.0"
	xmlns:xsi="http://www.w3.org/2001/XMLSchema-instance"
	xsi:schemaLocation="urn:liferay.com:liferay-workflow_6.1.0 http://www.liferay.com/dtd/liferay-workflow-definition_6_1_0.xsd"
>
	<name>Single Approver</name>
	<description>A single approver can approve a workflow content.</description>
	<version>1</version>
	<state>
		<name>created</name>
		<initial>true</initial>
		<transitions>
			<transition>
				<name>review</name>
				<target>review</target>
			</transition>
		</transitions>
	</state>
	<task>
		<name>update</name>
		<actions>
			<notification>
				<name>Creator Modification Notification</name>
				<template>Your submission was rejected by a reviewer, please modify and resubmit.</template>
				<template-language>text</template-language>
				<notification-type>email</notification-type>
				<execution-type>onAssignment</execution-type>
			</notification>
		</actions>
		<assignments>
			<user />
		</assignments>
		<transitions>
			<transition>
				<name>resubmit</name>
				<target>review</target>
			</transition>
		</transitions>
	</task>
	<task>
		<name>review</name>
		<actions>
			<notification>
				<name>Review Notification</name>
				<template>You have a new submission waiting for your review in the workflow.</template>
				<template-language>text</template-language>
				<notification-type>email</notification-type>
				<execution-type>onAssignment</execution-type>
			</notification>
			<notification>
				<name>Review Completion Notification</name>
				<template>
					Your submission has been reviewed and the reviewer has applied the following ${taskComments}.</template>
				<template-language>freemarker</template-language>
				<notification-type>email</notification-type>
				<recipients>
					<user />
				</recipients>
				<execution-type>onExit</execution-type>
			</notification>
		</actions>
		<assignments>
			<roles>
				<role>
					<role-type>organization</role-type>
					<name>Organization Administrator</name>
				</role>
				<role>
					<role-type>organization</role-type>
					<name>Organization Content Reviewer</name>
				</role>
				<role>
					<role-type>organization</role-type>
					<name>Organization Owner</name>
				</role>
				<role>
					<role-type>regular</role-type>
					<name>Administrator</name>
				</role>
				<role>
					<role-type>regular</role-type>
					<name>Portal Content Reviewer</name>
				</role>
				<role>
					<role-type>site</role-type>
					<name>Site Administrator</name>
				</role>
				<role>
					<role-type>site</role-type>
					<name>Site Content Reviewer</name>
				</role>
				<role>
					<role-type>site</role-type>
					<name>Site Owner</name>
				</role>
			</roles>
		</assignments>
		<transitions>
			<transition>
				<name>approve</name>
				<target>approved</target>
			</transition>
			<transition>
				<name>reject</name>
				<target>update</target>
				<default>false</default>
			</transition>
		</transitions>
	</task>
	<state>
		<name>approved</name>
		<actions>
			<action>
				<name>approve</name>
				<script>
					<![CDATA[
						Packages.com.liferay.portal.kernel.workflow.WorkflowStatusManagerUtil.updateStatus(Packages.com.liferay.portal.kernel.workflow.WorkflowConstants.toStatus("approved"), workflowContext);
					]]>
				</script>
				<script-language>javascript</script-language>
				<execution-type>onEntry</execution-type>
			</action>
		</actions>
	</state>
</workflow-definition>