<?xml version="1.0"?>

<workflow-definition
	xmlns="urn:liferay.com:liferay-workflow_6.1.0"
	xmlns:xsi="http://www.w3.org/2001/XMLSchema-instance"
	xsi:schemaLocation="urn:liferay.com:liferay-workflow_6.1.0 http://www.liferay.com/dtd/liferay-workflow-definition_6_1_0.xsd"
>
	<name>Scripted Single Approver</name>
	<description>A single approver can approve a workflow content.</description>
	<version>1</version>
	<state>
		<name>created</name>
		<initial>true</initial>
		<transitions>
			<transition>
				<name>review</name>
				<target>review</target>
				<default>true</default>
			</transition>
		</transitions>
	</state>
	<task>
		<name>update</name>
		<actions>
			<notification>
				<name>Creator Modification Notification</name>
				<execution-type>onAssignment</execution-type>
				<template>Your submission was rejected by a reviewer, please modify and resubmit.</template>
				<template-language>text</template-language>
				<notification-type>email</notification-type>
			</notification>
		</actions>
		<assignments>
			<user />
		</assignments>
		<transitions>
			<transition>
				<name>resubmit</name>
				<target>review</target>
				<default>true</default>
			</transition>
		</transitions>
	</task>
	<task>
		<name>review</name>
		<actions>
			<notification>
				<name>Review Notification</name>
				<execution-type>onAssignment</execution-type>
				<template>You have a new submission waiting for your review in the workflow.</template>
				<template-language>text</template-language>
				<notification-type>email</notification-type>
			</notification>
		</actions>
		<assignments>
			<scripted-assignment>
				<script>
					<![CDATA[
							import com.liferay.portal.kernel.util.GetterUtil;
							import com.liferay.portal.kernel.workflow.WorkflowConstants;
							import com.liferay.portal.model.Group;
							import com.liferay.portal.model.Role;
							import com.liferay.portal.service.GroupLocalServiceUtil;
							import com.liferay.portal.service.RoleLocalServiceUtil;

							long companyId = GetterUtil.getLong((String)workflowContext.get(WorkflowConstants.CONTEXT_COMPANY_ID));

							long groupId = GetterUtil.getLong((String)workflowContext.get(WorkflowConstants.CONTEXT_GROUP_ID));

							Group group = GroupLocalServiceUtil.getGroup(groupId);

							List<Role> roles = new ArrayList<Role>();

							Role adminRole = RoleLocalServiceUtil.getRole(companyId, "Administrator");

							roles.add(adminRole);

							if (group.isOrganization()) {
								Role role = RoleLocalServiceUtil.getRole(companyId, "Organization Content Reviewer");

								roles.add(role);
							}
							else {
								Role role = RoleLocalServiceUtil.getRole(companyId, "Site Content Reviewer");

								roles.add(role);
							}

							user = null;
						]]>
					</script>
				<script-language>groovy</script-language>
			</scripted-assignment>
		</assignments>
		<transitions>
			<transition>
				<name>approve</name>
				<target>approved</target>
				<default>true</default>
			</transition>
			<transition>
				<name>reject</name>
				<target>update</target>
				<default>false</default>
			</transition>
		</transitions>
	</task>
	<state>
		<name>approved</name>
		<actions>
			<action>
				<name>approve</name>
				<execution-type>onEntry</execution-type>
				<script>
					<![CDATA[
						Packages.com.liferay.portal.kernel.workflow.WorkflowStatusManagerUtil.updateStatus(Packages.com.liferay.portal.kernel.workflow.WorkflowConstants.toStatus("approved"), workflowContext);
					]]>
				</script>
				<script-language>javascript</script-language>
			</action>
		</actions>
	</state>
</workflow-definition>