<?xml version="1.0"?>
<!DOCTYPE service-builder PUBLIC "-//Liferay//DTD Service Builder 6.1.0//EN" "http://www.liferay.com/dtd/liferay-service-builder_6_1_0.dtd">

<service-builder package-path="com.liferay.portlet.blogs">
	<namespace>Blogs</namespace>
	<entity name="BlogsEntry" uuid="true" local-service="true" remote-service="true">

		<!-- PK fields -->

		<column name="entryId" type="long" primary="true" />

		<!-- Group instance -->

		<column name="groupId" type="long" />

		<!-- Audit fields -->

		<column name="companyId" type="long" />
		<column name="userId" type="long" />
		<column name="userName" type="String" />
		<column name="createDate" type="Date" />
		<column name="modifiedDate" type="Date" />

		<!-- Other fields -->

		<column name="title" type="String" />
		<column name="urlTitle" type="String" />
		<column name="description" type="String" />
		<column name="content" type="String" />
		<column name="displayDate" type="Date" />
		<column name="allowPingbacks" type="boolean" />
		<column name="allowTrackbacks" type="boolean" />
		<column name="trackbacks" type="String" />
		<column name="smallImage" type="boolean" />
		<column name="smallImageId" type="long" />
		<column name="smallImageURL" type="String" />
		<column name="status" type="int" />
		<column name="statusByUserId" type="long" />
		<column name="statusByUserName" type="String" />
		<column name="statusDate" type="Date" />

		<!-- Order -->

		<order by="desc">
			<order-column name="displayDate" />
		</order>

		<!-- Finder methods -->

		<finder name="GroupId" return-type="Collection">
			<finder-column name="groupId" />
		</finder>
		<finder name="CompanyId" return-type="Collection">
			<finder-column name="companyId" />
		</finder>

		<finder name="C_U" return-type="Collection">
			<finder-column name="companyId" />
			<finder-column name="userId" />
		</finder>
		<finder name="C_LtD" return-type="Collection">
			<finder-column name="companyId" />
			<finder-column name="displayDate" comparator="&lt;" />
		</finder>
		<finder name="C_S" return-type="Collection">
			<finder-column name="companyId" />
			<finder-column name="status" />
		</finder>
		<finder name="G_UT" return-type="BlogsEntry" unique="true">
			<finder-column name="groupId" />
			<finder-column name="urlTitle" />
		</finder>
		<finder name="G_LtD" return-type="Collection">
			<finder-column name="groupId" />
			<finder-column name="displayDate" comparator="&lt;" />
		</finder>
		<finder name="G_S" return-type="Collection">
			<finder-column name="groupId" />
			<finder-column name="status" />
		</finder>
		<finder name="C_U_S" return-type="Collection">
			<finder-column name="companyId" />
			<finder-column name="userId" />
			<finder-column name="status" />
		</finder>
		<finder name="C_LtD_S" return-type="Collection">
			<finder-column name="companyId" />
			<finder-column name="displayDate" comparator="&lt;" />
			<finder-column name="status" />
		</finder>
		<finder name="G_U_LtD" return-type="Collection">
			<finder-column name="groupId" />
			<finder-column name="userId" />
			<finder-column name="displayDate" comparator="&lt;" />
		</finder>
		<finder name="G_U_S" return-type="Collection">
			<finder-column name="groupId" />
			<finder-column name="userId" />
			<finder-column name="status" />
		</finder>
		<finder name="G_LtD_S" return-type="Collection">
			<finder-column name="groupId" />
			<finder-column name="displayDate" comparator="&lt;" />
			<finder-column name="status" />
		</finder>
		<finder name="G_U_LtD_S" return-type="Collection">
			<finder-column name="groupId" />
			<finder-column name="userId" />
			<finder-column name="displayDate" comparator="&lt;" />
			<finder-column name="status" />
		</finder>

		<!-- References -->

		<reference package-path="com.liferay.portal" entity="Company" />
		<reference package-path="com.liferay.portal" entity="Group" />
		<reference package-path="com.liferay.portal" entity="Image" />
		<reference package-path="com.liferay.portal" entity="Organization" />
		<reference package-path="com.liferay.portal" entity="PortletPreferences" />
		<reference package-path="com.liferay.portal" entity="Subscription" />
		<reference package-path="com.liferay.portal" entity="WorkflowInstanceLink" />
		<reference package-path="com.liferay.portlet.asset" entity="AssetEntry" />
		<reference package-path="com.liferay.portlet.asset" entity="AssetLink" />
		<reference package-path="com.liferay.portlet.asset" entity="AssetTag" />
		<reference package-path="com.liferay.portlet.expando" entity="ExpandoValue" />
		<reference package-path="com.liferay.portlet.messageboards" entity="MBMessage" />
		<reference package-path="com.liferay.portlet.ratings" entity="RatingsStats" />
		<reference package-path="com.liferay.portlet.social" entity="SocialActivity" />
		<reference package-path="com.liferay.portlet.social" entity="SocialEquityLog" />
	</entity>
	<entity name="BlogsStatsUser" local-service="true" remote-service="false">

		<!-- PK fields -->

		<column name="statsUserId" type="long" primary="true" />

		<!-- Group instance -->

		<column name="groupId" type="long" />

		<!-- Audit fields -->

		<column name="companyId" type="long" />
		<column name="userId" type="long" />

		<!-- Other fields -->

		<column name="entryCount" type="int" />
		<column name="lastPostDate" type="Date" />
		<column name="ratingsTotalEntries" type="int" />
		<column name="ratingsTotalScore" type="double" />
		<column name="ratingsAverageScore" type="double" />

		<!-- Order -->

		<order by="desc">
			<order-column name="entryCount" />
		</order>

		<!-- Finder methods -->

		<finder name="GroupId" return-type="Collection">
			<finder-column name="groupId" />
		</finder>
		<finder name="UserId" return-type="Collection">
			<finder-column name="userId" />
		</finder>
		<finder name="G_U" return-type="BlogsStatsUser" unique="true">
			<finder-column name="groupId" />
			<finder-column name="userId" />
		</finder>
		<finder name="G_NotE" return-type="Collection">
			<finder-column name="groupId" />
			<finder-column name="entryCount" comparator="!=" />
		</finder>
		<finder name="C_NotE" return-type="Collection">
			<finder-column name="companyId" />
			<finder-column name="entryCount" comparator="!=" />
		</finder>
		<finder name="U_L" return-type="Collection">
			<finder-column name="userId" />
			<finder-column name="lastPostDate" />
		</finder>

		<!-- References -->

		<reference package-path="com.liferay.portal" entity="Group" />
	</entity>
	<exceptions>
		<exception>EntryContent</exception>
		<exception>EntryDisplayDate</exception>
		<exception>EntrySmallImageName</exception>
		<exception>EntrySmallImageSize</exception>
		<exception>EntryTitle</exception>
	</exceptions>
</service-builder>