<!DOCTYPE service-builder PUBLIC "-//Liferay//DTD Service Builder 6.1.0//EN" "http://www.liferay.com/dtd/liferay-service-builder_6_1_0.dtd">

<service-builder package-path="com.liferay.wsrp">
	<namespace>WSRP</namespace>
	<entity name="WSRPConsumer" uuid="true" local-service="true" remote-service="false">

		<!-- PK fields -->

		<column name="wsrpConsumerId" type="long" primary="true" />

		<!-- Audit fields -->

		<column name="companyId" type="long" />
		<column name="createDate" type="Date" />
		<column name="modifiedDate" type="Date" />

		<!-- Other fields -->

		<column name="name" type="String" />
		<column name="url" type="String" />
		<column name="wsdl" type="String" />
		<column name="registrationContextString" type="String" />
		<column name="registrationPropertiesString" type="String" />
		<column name="forwardCookies" type="String" />

		<!-- Order -->

		<order by="asc">
			<order-column name="name" />
		</order>

		<!-- Finder methods -->

		<finder name="CompanyId" return-type="Collection">
			<finder-column name="companyId" />
		</finder>
	</entity>
	<entity name="WSRPConsumerPortlet" uuid="true" local-service="true" remote-service="false">

		<!-- PK fields -->

		<column name="wsrpConsumerPortletId" type="long" primary="true" />

		<!-- Audit fields -->

		<column name="companyId" type="long" />
		<column name="createDate" type="Date" />
		<column name="modifiedDate" type="Date" />

		<!-- Other fields -->

		<column name="wsrpConsumerId" type="long" />
		<column name="name" type="String" />
		<column name="portletHandle" type="String" />

		<!-- Order -->

		<order by="asc">
			<order-column name="name" />
		</order>

		<!-- Finder methods -->

		<finder name="WsrpConsumerId" return-type="Collection">
			<finder-column name="wsrpConsumerId" />
		</finder>
		<finder name="W_P" return-type="WSRPConsumerPortlet">
			<finder-column name="wsrpConsumerId" />
			<finder-column name="portletHandle" />
		</finder>
	</entity>
	<entity name="WSRPProducer" uuid="true" local-service="true" remote-service="false">

		<!-- PK fields -->

		<column name="wsrpProducerId" type="long" primary="true" />

		<!-- Group instance -->

		<column name="groupId" type="long" />

		<!-- Audit fields -->

		<column name="companyId" type="long" />
		<column name="createDate" type="Date" />
		<column name="modifiedDate" type="Date" />

		<!-- Other fields -->

		<column name="name" type="String" />
		<column name="version" type="String" />
		<column name="portletIds" type="String" />

		<!-- Order -->

		<order by="asc">
			<order-column name="name" />
		</order>

		<!-- Finder methods -->

		<finder name="CompanyId" return-type="Collection">
			<finder-column name="companyId" />
		</finder>

		<!-- References -->

		<reference package-path="com.liferay.portal" entity="Group" />
		<reference package-path="com.liferay.portal" entity="Layout" />
	</entity>
	<exceptions>
		<exception>WSRPConsumerName</exception>
		<exception>WSRPConsumerPortletHandle</exception>
		<exception>WSRPConsumerPortletName</exception>
		<exception>WSRPConsumerWSDL</exception>
		<exception>WSRPProducerName</exception>
	</exceptions>
</service-builder>