<?xml version="1.0"?>
<!DOCTYPE service-builder PUBLIC "-//Liferay//DTD Service Builder 6.1.0//EN" "http://www.liferay.com/dtd/liferay-service-builder_6_1_0.dtd">

<service-builder package-path="com.liferay.ams">
	<namespace>AMS</namespace>
	<entity name="Asset" local-service="true" remote-service="false">

		<!-- PK fields -->

		<column name="assetId" type="long" primary="true" />

		<!-- Audit fields -->

		<column name="companyId" type="long" />
		<column name="userId" type="long" />
		<column name="userName" type="String" />
		<column name="createDate" type="Date" />
		<column name="modifiedDate" type="Date" />

		<!-- Other fields -->

		<column name="definitionId" type="long" />
		<column name="serialNumber" type="String" />
		<column name="inactiveDate" type="Date" />
		<column name="active" type="boolean" />
	</entity>
	<entity name="Checkout" local-service="true" remote-service="false">

		<!-- PK fields -->

		<column name="checkoutId" type="long" primary="true" />

		<!-- Audit fields -->

		<column name="companyId" type="long" />
		<column name="userId" type="long" />
		<column name="userName" type="String" />
		<column name="createDate" type="Date" />
		<column name="modifiedDate" type="Date" />

		<!-- Other fields -->

		<column name="assetId" type="long" />
		<column name="checkOutDate" type="Date" />
		<column name="expectedCheckInDate" type="Date" />
		<column name="actualCheckInDate" type="Date" />
	</entity>
	<entity name="Definition" local-service="true" remote-service="false">

		<!-- PK fields -->

		<column name="definitionId" type="long" primary="true" />

		<!-- Group instance -->

		<column name="groupId" type="long" />

		<!-- Audit fields -->

		<column name="companyId" type="long" />
		<column name="userId" type="long" />
		<column name="userName" type="String" />
		<column name="createDate" type="Date" />
		<column name="modifiedDate" type="Date" />

		<!-- Other fields -->

		<column name="typeId" type="long" />
		<column name="manufacturer" type="String" />
		<column name="model" type="String" />
		<column name="orderDate" type="Date" />
		<column name="quantity" type="int" />
		<column name="price" type="double" />
	</entity>
	<entity name="Type" local-service="true" remote-service="false">

		<!-- PK fields -->

		<column name="typeId" type="long" primary="true" />

		<!-- Group instance -->

		<column name="groupId" type="long" />

		<!-- Other fields -->

		<column name="name" type="String" />

		<!-- Order -->

		<order by="asc">
			<order-column name="name" />
		</order>
	</entity>
</service-builder>