<?xml version="1.0"?>
<!DOCTYPE service-builder PUBLIC "-//Liferay//DTD Service Builder 6.1.0//EN" "http://www.liferay.com/dtd/liferay-service-builder_6_1_0.dtd">

<service-builder package-path="com.liferay.dlrecord">
	<namespace>DLRecord</namespace>
	<entity name="DLRecordDefinition" uuid="true" local-service="true"
			remote-service="false" >

		<!-- PK fields -->

		<column name="definitionId" type="long" primary="true" />

		<!-- Audit fields -->

		<column name="folderId" type="long" />
		<column name="contentType" type="String" />
		<column name="companyId" type="long" />
		<column name="groupId" type="long" />
		<column name="userId" type="long" />
		<column name="createDate" type="Date" />
		<column name="modifiedBy" type="long" />
		<column name="modifiedDate" type="Date" />

		<!-- Other fields -->

		<column name="name" type="String" />
		<column name="title" type="String" />
		<column name="signinRequired" type="boolean" />
		
		<!-- Order -->

		<order by="asc">
			<order-column name="modifiedDate"/>
		</order>

		<!-- Finder methods -->

		<finder name="CompanyId" return-type="Collection">
			<finder-column name="companyId" />
		</finder>
		<finder name="F_N" return-type="DLRecordDefinition" unique="true">
			<finder-column name="folderId" />
			<finder-column name="name" />
		</finder>
		<finder name="GroupId" return-type="Collection">
			<finder-column name="groupId" />
		</finder>
		<finder name="UserId" return-type="Collection">
			<finder-column name="userId" />
		</finder>

	</entity>
	<entity name="DLRecordLog" uuid="true" local-service="true"
			remote-service="false" >

		<!-- PK fields -->

		<column name="logId" type="long" primary="true" />

		<!-- Audit fields -->
		<column name="definitionId" type="long" />
		<column name="contentType" type="String" />
		<column name="companyId" type="long" />
		<column name="groupId" type="long" />
		<column name="userId" type="long" />
		<column name="createDate" type="Date" />

		<!-- Order -->

		<order by="asc">
			<order-column name="createDate"/>
		</order>

		<!-- Finder methods -->

		<finder name="CompanyId" return-type="Collection">
			<finder-column name="companyId" />
		</finder>
		<finder name="GroupId" return-type="Collection">
			<finder-column name="groupId" />
		</finder>
		<finder name="UserId" return-type="Collection">
			<finder-column name="userId" />
		</finder>
		<finder name="DefinitionId" return-type="Collection">
			<finder-column name="definitionId" />
		</finder>

	</entity>
	<exceptions>
		<exception>DefinitionAlreadyExist</exception>
	</exceptions>
</service-builder>
