<?xml version="1.0"?>
<!DOCTYPE service-builder PUBLIC "-//Liferay//DTD Service Builder 6.1.0//EN" "http://www.liferay.com/dtd/liferay-service-builder_6_1_0.dtd">

<service-builder package-path="com.liferay.portlet.softwarecatalog">
	<namespace>SC</namespace>
	<entity name="SCFrameworkVersion" local-service="true" remote-service="true">

		<!-- PK fields -->

		<column name="frameworkVersionId" type="long" primary="true" />

		<!-- Group instance -->

		<column name="groupId" type="long" />

		<!-- Audit fields -->

		<column name="companyId" type="long" />
		<column name="userId" type="long" />
		<column name="userName" type="String" />
		<column name="createDate" type="Date" />
		<column name="modifiedDate" type="Date" />

		<!-- Other fields -->

		<column name="name" type="String" />
		<column name="url" type="String" />
		<column name="active" type="boolean" />
		<column name="priority" type="int" />

		<!-- Relationships -->

		<column name="scProductVersions" type="Collection" entity="SCProductVersion" mapping-table="SCFrameworkVersi_SCProductVers" />

		<!-- Order -->

		<order by="desc">
			<order-column name="name" />
		</order>

		<!-- Finder methods -->

		<finder name="GroupId" return-type="Collection">
			<finder-column name="groupId" />
		</finder>

		<finder name="CompanyId" return-type="Collection">
			<finder-column name="companyId" />
		</finder>

		<finder name="G_A" return-type="Collection">
			<finder-column name="groupId" />
			<finder-column name="active" />
		</finder>
	</entity>
	<entity name="SCLicense" local-service="true" remote-service="true">

		<!-- PK fields -->

		<column name="licenseId" type="long" primary="true" />

		<!-- Other fields -->

		<column name="name" type="String" />
		<column name="url" type="String" />
		<column name="openSource" type="boolean" />
		<column name="active" type="boolean" />
		<column name="recommended" type="boolean" />

		<!-- Relationships -->

		<column name="scProductEntries" type="Collection" entity="SCProductEntry" mapping-table="SCLicenses_SCProductEntries" />

		<!-- Order -->

		<order by="asc">
			<order-column name="name" />
		</order>

		<!-- Finder methods -->

		<finder name="Active" return-type="Collection">
			<finder-column name="active" />
		</finder>
		<finder name="A_R" return-type="Collection">
			<finder-column name="active" />
			<finder-column name="recommended" />
		</finder>
	</entity>
	<entity name="SCProductEntry" local-service="true" remote-service="true">

		<!-- PK fields -->

		<column name="productEntryId" type="long" primary="true" />

		<!-- Group instance -->

		<column name="groupId" type="long" />

		<!-- Audit fields -->

		<column name="companyId" type="long" />
		<column name="userId" type="long" />
		<column name="userName" type="String" />
		<column name="createDate" type="Date" />
		<column name="modifiedDate" type="Date" />

		<!-- Other fields -->

		<column name="name" type="String" />
		<column name="type" type="String" />
		<column name="tags" type="String" />
		<column name="shortDescription" type="String" />
		<column name="longDescription" type="String" />
		<column name="pageURL" type="String" />
		<column name="author" type="String" />
		<column name="repoGroupId" type="String" />
		<column name="repoArtifactId" type="String" />

		<!-- Relationships -->

		<column name="scLicenses" type="Collection" entity="SCLicense" mapping-table="SCLicenses_SCProductEntries" />

		<!-- Order -->

		<order by="desc">
			<order-column name="modifiedDate" />
			<order-column name="name" />
		</order>

		<!-- Finder methods -->

		<finder name="GroupId" return-type="Collection">
			<finder-column name="groupId" />
		</finder>

		<finder name="CompanyId" return-type="Collection">
			<finder-column name="companyId" />
		</finder>

		<finder name="G_U" return-type="Collection">
			<finder-column name="groupId" />
			<finder-column name="userId" />
		</finder>
		<finder name="RG_RA" return-type="SCProductEntry">
			<finder-column name="repoGroupId" case-sensitive="false" />
			<finder-column name="repoArtifactId" case-sensitive="false" />
		</finder>

		<!-- References -->

		<reference package-path="com.liferay.portal" entity="Group" />
		<reference package-path="com.liferay.portal" entity="Image" />
		<reference package-path="com.liferay.portlet.messageboards" entity="MBMessage" />
		<reference package-path="com.liferay.portlet.ratings" entity="RatingsStats" />
	</entity>
	<entity name="SCProductScreenshot" local-service="true" remote-service="false">

		<!-- PK fields -->

		<column name="productScreenshotId" type="long" primary="true" />

		<!-- Audit fields -->

		<column name="companyId" type="long" />

		<!-- Group instance -->

		<column name="groupId" type="long" />

		<!-- Other fields -->

		<column name="productEntryId" type="long" />
		<column name="thumbnailId" type="long" />
		<column name="fullImageId" type="long" />
		<column name="priority" type="int" />

		<!-- Order -->

		<order by="asc">
			<order-column name="productEntryId" />
			<order-column name="priority" />
		</order>

		<!-- Finder methods -->

		<finder name="ProductEntryId" return-type="Collection">
			<finder-column name="productEntryId" />
		</finder>
		<finder name="ThumbnailId" return-type="SCProductScreenshot">
			<finder-column name="thumbnailId" />
		</finder>
		<finder name="FullImageId" return-type="SCProductScreenshot">
			<finder-column name="fullImageId" />
		</finder>
		<finder name="P_P" return-type="SCProductScreenshot">
			<finder-column name="productEntryId" />
			<finder-column name="priority" />
		</finder>

		<!-- References -->

		<reference package-path="com.liferay.portal" entity="Image" />
	</entity>
	<entity name="SCProductVersion" local-service="true" remote-service="true">

		<!-- PK fields -->

		<column name="productVersionId" type="long" primary="true" />

		<!-- Audit fields -->

		<column name="companyId" type="long" />
		<column name="userId" type="long" />
		<column name="userName" type="String" />
		<column name="createDate" type="Date" />
		<column name="modifiedDate" type="Date" />

		<!-- Other fields -->

		<column name="productEntryId" type="long" />
		<column name="version" type="String" />
		<column name="changeLog" type="String" />
		<column name="downloadPageURL" type="String" />
		<column name="directDownloadURL" type="String" />
		<column name="repoStoreArtifact" type="boolean" />

		<!-- Relationships -->

		<column name="scFrameworkVersions" type="Collection" entity="SCFrameworkVersion" mapping-table="SCFrameworkVersi_SCProductVers" />

		<!-- Order -->

		<order by="desc">
			<order-column name="createDate" />
		</order>

		<!-- Finder methods -->

		<finder name="ProductEntryId" return-type="Collection">
			<finder-column name="productEntryId" />
		</finder>
		<finder name="DirectDownloadURL" return-type="SCProductVersion">
			<finder-column name="directDownloadURL" case-sensitive="false" />
		</finder>
	</entity>
	<exceptions>
		<exception>DuplicateProductEntryModuleId</exception>
		<exception>DuplicateProductVersionDirectDownloadURL</exception>
		<exception>LicenseName</exception>
		<exception>FrameworkVersionName</exception>
		<exception>ProductEntryAuthor</exception>
		<exception>ProductEntryLicense</exception>
		<exception>ProductEntryName</exception>
		<exception>ProductEntryPageURL</exception>
		<exception>ProductEntryScreenshots</exception>
		<exception>ProductEntryShortDescription</exception>
		<exception>ProductEntryType</exception>
		<exception>ProductVersionChangeLog</exception>
		<exception>ProductVersionDownloadURL</exception>
		<exception>ProductVersionFrameworkVersion</exception>
		<exception>ProductVersionName</exception>
		<exception>UnavailableProductVersionDirectDownloadURL</exception>
	</exceptions>
</service-builder>