<?xml version="1.0"?>
<!DOCTYPE service-builder PUBLIC "-//Liferay//DTD Service Builder 6.1.0//EN" "http://www.liferay.com/dtd/liferay-service-builder_6_1_0.dtd">

<service-builder package-path="com.liferay.privatemessaging">
	<namespace>PM</namespace>
	<entity name="UserThread" local-service="true" remote-service="false">

		<!-- PK fields -->

		<column name="userThreadId" type="long" primary="true" />

		<!-- Audit fields -->

		<column name="companyId" type="long" />
		<column name="userId" type="long" />
		<column name="createDate" type="Date" />
		<column name="modifiedDate" type="Date" />

		<!-- Other fields -->

		<column name="mbThreadId" type="long" />
		<column name="topMBMessageId" type="long" />
		<column name="read" type="boolean" />
		<column name="deleted" type="boolean" />

		<!-- Order -->

		<order by="desc">
			<order-column name="modifiedDate" />
		</order>

		<!-- Finder methods -->

		<finder name="MBThreadId" return-type="Collection">
			<finder-column name="mbThreadId" />
		</finder>
		<finder name="UserId" return-type="Collection">
			<finder-column name="userId" />
		</finder>
		<finder name="U_M" return-type="UserThread">
			<finder-column name="userId" />
			<finder-column name="mbThreadId" />
		</finder>
		<finder name="U_D" return-type="Collection">
			<finder-column name="userId" />
			<finder-column name="deleted" />
		</finder>
		<finder name="U_R_D" return-type="Collection">
			<finder-column name="userId" />
			<finder-column name="read" />
			<finder-column name="deleted" />
		</finder>
	</entity>
</service-builder>