<?xml version="1.0"?>

<beans
	default-destroy-method="destroy"
	default-init-method="afterPropertiesSet"
	xmlns="http://www.springframework.org/schema/beans"
	xmlns:xsi="http://www.w3.org/2001/XMLSchema-instance"
	xsi:schemaLocation="http://www.springframework.org/schema/beans http://www.springframework.org/schema/beans/spring-beans-3.0.xsd"
>

	<!-- Destinations -->

	<bean id="destination.report_compiler" class="com.liferay.portal.kernel.messaging.ParallelDestination">
		<property name="name" value="liferay/report_compiler" />
	</bean>
	<bean id="destination.report_request" class="com.liferay.portal.kernel.messaging.ParallelDestination">
		<property name="name" value="liferay/report_request" />
	</bean>
	<bean id="destination.report_result" class="com.liferay.portal.kernel.messaging.ParallelDestination">
		<property name="name" value="liferay/report_result" />
	</bean>

	<!-- Listeners -->

	<bean id="messageListener.report_compiler" class="com.liferay.portal.kernel.bi.reporting.messaging.ReportCompilerRequestMessageListener">
		<property name="reportEngine" ref="com.liferay.portal.kernel.bi.reporting.ReportEngine" />
		<property name="reportResultContainer">
			<bean class="com.liferay.portal.kernel.bi.reporting.ByteArrayReportResultContainer" />
		</property>
	</bean>
	<bean id="messageListener.report_request" class="com.liferay.portal.kernel.bi.reporting.messaging.ReportRequestMessageListener">
		<property name="reportEngine" ref="com.liferay.portal.kernel.bi.reporting.ReportEngine" />
		<property name="reportResultContainer">
			<bean class="com.liferay.portal.kernel.bi.reporting.ByteArrayReportResultContainer" />
		</property>
	</bean>

	<!-- Configurator -->

	<bean id="messagingConfigurator" class="com.liferay.portal.kernel.messaging.config.PluginMessagingConfigurator">
		<property name="destinations">
			<list>
				<ref bean="destination.report_compiler" />
				<ref bean="destination.report_request" />
				<ref bean="destination.report_result" />
			</list>
		</property>
		<property name="messageListeners">
			<map key-type="java.lang.String" value-type="java.util.List">
				<entry key="liferay/report_compiler">
					<list value-type="com.liferay.portal.kernel.messaging.MessageListener">
						<ref bean="messageListener.report_compiler" />
					</list>
				</entry>
				<entry key="liferay/report_request">
					<list value-type="com.liferay.portal.kernel.messaging.MessageListener">
						<ref bean="messageListener.report_request" />
					</list>
				</entry>
			</map>
		</property>
	</bean>
</beans>