<?xml version="1.0"?>
<!DOCTYPE service-builder PUBLIC "-//Liferay//DTD Service Builder 6.1.0//EN" "http://www.liferay.com/dtd/liferay-service-builder_6_1_0.dtd">

<service-builder package-path="com.liferay.tasks">
	<author>Ryan Park</author>
	<namespace>TMS</namespace>
	<entity name="TasksEntry" local-service="true" remote-service="true">

		<!-- PK fields -->

		<column name="tasksEntryId" type="long" primary="true" />

		<!-- Group instance -->

		<column name="groupId" type="long" />

		<!-- Audit fields -->

		<column name="companyId" type="long" />
		<column name="userId" type="long" />
		<column name="userName" type="String" />
		<column name="createDate" type="Date" />
		<column name="modifiedDate" type="Date" />

		<!-- Other fields -->

		<column name="title" type="String" />
		<column name="priority" type="int" />
		<column name="assigneeUserId" type="long" />
		<column name="resolverUserId" type="long" />
		<column name="dueDate" type="Date" />
		<column name="finishDate" type="Date" />
		<column name="status" type="int" />

		<!-- Order -->

		<order by="asc">
			<order-column name="priority" />
			<order-column name="dueDate" />
			<order-column name="createDate" />
		</order>

		<!-- Finder methods -->

		<finder name="GroupId" return-type="Collection">
			<finder-column name="groupId" />
		</finder>
		<finder name="UserId" return-type="Collection">
			<finder-column name="userId" />
		</finder>
		<finder name="AssigneeUserId" return-type="Collection">
			<finder-column name="assigneeUserId" />
		</finder>
		<finder name="ResolverUserId" return-type="Collection">
			<finder-column name="resolverUserId" />
		</finder>
		<finder name="G_U" return-type="Collection">
			<finder-column name="groupId" />
			<finder-column name="userId" />
		</finder>
		<finder name="G_A" return-type="Collection">
			<finder-column name="groupId" />
			<finder-column name="assigneeUserId" />
		</finder>
		<finder name="G_R" return-type="Collection">
			<finder-column name="groupId" />
			<finder-column name="resolverUserId" />
		</finder>
	</entity>
	<exceptions>
		<exception>TasksEntryDueDate</exception>
	</exceptions>
</service-builder>