<?xml version="1.0"?>

<beans
	default-destroy-method="destroy"
	default-init-method="afterPropertiesSet"
	xmlns="http://www.springframework.org/schema/beans"
	xmlns:xsi="http://www.w3.org/2001/XMLSchema-instance"
	xsi:schemaLocation="http://www.springframework.org/schema/beans http://www.springframework.org/schema/beans/spring-beans-3.0.xsd"
>

	<!-- Destinations -->

	<bean id="destination.kaleo_graph_walker" class="com.liferay.portal.kernel.messaging.ParallelDestination">
		<property name="name" value="liferay/kaleo_graph_walker" />
	</bean>
	<bean id="destination.workflow_definition_link" class="com.liferay.portal.kernel.messaging.ParallelDestination">
		<property name="name" value="liferay/workflow_definition_link" />
	</bean>

	<!-- Listeners -->

	<bean id="messageListener.kaleo_graph_walker" class="com.liferay.portal.workflow.kaleo.runtime.graph.messaging.PathElementMessageListener">
		<property name="destinationName" value="liferay/kaleo_graph_walker" />
		<property name="graphWalker" ref="com.liferay.portal.workflow.kaleo.runtime.graph.GraphWalker" />
	</bean>
	<bean id="messageListener.workflow_definition" class="com.liferay.portal.kernel.messaging.proxy.ProxyMessageListener">
		<property name="manager" ref="com.liferay.portal.kernel.workflow.WorkflowDefinitionManager" />
	</bean>
	<bean id="messageListener.workflow_definition_link" class="com.liferay.portal.workflow.kaleo.manager.messaging.KaleoAssetDeploymentMessageListener">
		<property name="portalKaleoManager" ref="com.liferay.portal.workflow.kaleo.manager.PortalKaleoManager" />
	</bean>
	<bean id="messageListener.workflow_engine" class="com.liferay.portal.kernel.messaging.proxy.ProxyMessageListener">
		<property name="manager" ref="com.liferay.portal.kernel.workflow.WorkflowEngineManager" />
	</bean>
	<bean id="messageListener.workflow_instance" class="com.liferay.portal.kernel.messaging.proxy.ProxyMessageListener">
		<property name="manager" ref="com.liferay.portal.kernel.workflow.WorkflowInstanceManager" />
	</bean>
	<bean id="messageListener.workflow_log" class="com.liferay.portal.kernel.messaging.proxy.ProxyMessageListener">
		<property name="manager" ref="com.liferay.portal.kernel.workflow.WorkflowLogManager" />
	</bean>
	<bean id="messageListener.workflow_task" class="com.liferay.portal.kernel.messaging.proxy.ProxyMessageListener">
		<property name="manager" ref="com.liferay.portal.kernel.workflow.WorkflowTaskManager" />
	</bean>

	<!-- Configurator -->

	<bean id="messagingConfigurator" class="com.liferay.portal.kernel.messaging.config.PluginMessagingConfigurator">
		<property name="destinations">
			<list>
				<ref bean="destination.kaleo_graph_walker" />
				<ref bean="destination.workflow_definition_link" />
			</list>
		</property>
		<property name="messageListeners">
			<map key-type="java.lang.String" value-type="java.util.List">
				<entry key="liferay/hot_deploy">
					<list value-type="com.liferay.portal.kernel.messaging.MessageListener">
						<bean class="com.liferay.portal.workflow.kaleo.manager.messaging.KaleoDeploymentEventMessageListener">
							<property name="portalKaleoManager" ref="com.liferay.portal.workflow.kaleo.manager.PortalKaleoManager" />
							<property name="servletContextName" value="kaleo-web" />
						</bean>
					</list>
				</entry>
				<entry key="liferay/kaleo_graph_walker">
					<list value-type="com.liferay.portal.kernel.messaging.MessageListener">
						<ref bean="messageListener.kaleo_graph_walker" />
					</list>
				</entry>
				<entry key="liferay/workflow_definition">
					<list value-type="com.liferay.portal.kernel.messaging.MessageListener">
						<ref bean="messageListener.workflow_definition" />
					</list>
				</entry>
				<entry key="liferay/workflow_definition_link">
					<list value-type="com.liferay.portal.kernel.messaging.MessageListener">
						<ref bean="messageListener.workflow_definition_link" />
					</list>
				</entry>
				<entry key="liferay/workflow_engine">
					<list value-type="com.liferay.portal.kernel.messaging.MessageListener">
						<ref bean="messageListener.workflow_engine" />
					</list>
				</entry>
				<entry key="liferay/workflow_instance">
					<list value-type="com.liferay.portal.kernel.messaging.MessageListener">
						<ref bean="messageListener.workflow_instance" />
					</list>
				</entry>
				<entry key="liferay/workflow_log">
					<list value-type="com.liferay.portal.kernel.messaging.MessageListener">
						<ref bean="messageListener.workflow_log" />
					</list>
				</entry>
				<entry key="liferay/workflow_task">
					<list value-type="com.liferay.portal.kernel.messaging.MessageListener">
						<ref bean="messageListener.workflow_task" />
					</list>
				</entry>
			</map>
		</property>
		<property name="specificDestinationEventListener">
			<map key-type="java.lang.String" value-type="java.util.List">
				<entry key="liferay/workflow_engine">
					<list value-type="com.liferay.portal.kernel.messaging.DestinationEventListener">
						<bean class="com.liferay.portal.kernel.workflow.messaging.DefaultWorkflowDestinationEventListener">
							<property name="workflowDefinitionManagerListener" ref="messageListener.workflow_definition" />
							<property name="workflowEngineManagerListener" ref="messageListener.workflow_engine" />
							<property name="workflowEngineName" value="Liferay Kaleo Workflow Engine" />
							<property name="workflowInstanceManagerListener" ref="messageListener.workflow_instance" />
							<property name="workflowLogManagerListener" ref="messageListener.workflow_log" />
							<property name="workflowTaskManagerListener" ref="messageListener.workflow_task" />
						</bean>
					</list>
				</entry>
			</map>
		</property>
	</bean>
</beans>