<?xml version="1.0"?>
<!DOCTYPE service-builder PUBLIC "-//Liferay//DTD Service Builder 6.0.0//EN" "http://www.liferay.com/dtd/liferay-service-builder_6_0_0.dtd">

<service-builder package-path="com.liferay.portal.workflow.kaleo" auto-namespace-tables="false">
	<namespace>Kaleo</namespace>
	<entity name="KaleoAction" local-service="true" remote-service="false">

		<!-- PK fields -->

		<column name="kaleoActionId" type="long" primary="true" />

		<!-- Group instance -->

		<column name="groupId" type="long" />

		<!-- Audit fields -->

		<column name="companyId" type="long" />
		<column name="userId" type="long" />
		<column name="userName" type="String" />
		<column name="createDate" type="Date" />
		<column name="modifiedDate" type="Date" />

		<!-- Other fields -->

		<column name="kaleoDefinitionId" type="long" />
		<column name="kaleoNodeId" type="long" />
		<column name="kaleoNodeName" type="String" />
		<column name="name" type="String" />
		<column name="description" type="String" />
		<column name="executionType" type="String" />
		<column name="script" type="String" />
		<column name="scriptLanguage" type="String" />
		<column name="priority" type="int" />

		<!-- Order -->

		<order by="asc">
			<order-column name="priority" />
		</order>

		<!-- Finder methods -->

		<finder name="CompanyId" return-type="Collection">
			<finder-column name="companyId" />
		</finder>
		<finder name="KaleoDefinitionId" return-type="Collection">
			<finder-column name="kaleoDefinitionId" />
		</finder>
		<finder name="KNI_ET" return-type="Collection">
			<finder-column name="kaleoNodeId" />
			<finder-column name="executionType" />
		</finder>
	</entity>
	<entity name="KaleoCondition" local-service="true" remote-service="false">

		<!-- PK fields -->

		<column name="kaleoConditionId" type="long" primary="true" />

		<!-- Group instance -->

		<column name="groupId" type="long" />

		<!-- Audit fields -->

		<column name="companyId" type="long" />
		<column name="userId" type="long" />
		<column name="userName" type="String" />
		<column name="createDate" type="Date" />
		<column name="modifiedDate" type="Date" />

		<!-- Other fields -->

		<column name="kaleoDefinitionId" type="long" />
		<column name="kaleoNodeId" type="long" />
		<column name="script" type="String" />
		<column name="scriptLanguage" type="String" />

		<!-- Order -->

		<order by="asc">
			<order-column name="kaleoConditionId" />
		</order>

		<!-- Finder methods -->

		<finder name="CompanyId" return-type="Collection">
			<finder-column name="companyId" />
		</finder>
		<finder name="KaleoDefinitionId" return-type="Collection">
			<finder-column name="kaleoDefinitionId" />
		</finder>
		<finder name="KaleoNodeId" return-type="KaleoCondition">
			<finder-column name="kaleoNodeId" />
		</finder>
	</entity>
	<entity name="KaleoDefinition" local-service="true" remote-service="false">

		<!-- PK fields -->

		<column name="kaleoDefinitionId" type="long" primary="true" />

		<!-- Group instance -->

		<column name="groupId" type="long" />

		<!-- Audit fields -->

		<column name="companyId" type="long" />
		<column name="userId" type="long" />
		<column name="userName" type="String" />
		<column name="createDate" type="Date" />
		<column name="modifiedDate" type="Date" />

		<!-- Other fields -->

		<column name="name" type="String" />
		<column name="title" type="String" localized="true" />
		<column name="description" type="String" />
		<column name="version" type="int" />
		<column name="active" type="boolean" />
		<column name="startKaleoNodeId" type="long" />

		<!-- Relationships -->

		<column name="kaleoNodes" type="Collection" entity="KaleoNode" mapping-key="kaleoDefinitionId" />

		<!-- Order -->

		<order by="desc">
			<order-column name="version" />
		</order>

		<!-- Finder methods -->

		<finder name="CompanyId" return-type="Collection">
			<finder-column name="companyId" />
		</finder>
		<finder name="C_N" return-type="Collection">
			<finder-column name="companyId" />
			<finder-column name="name" />
		</finder>
		<finder name="C_A" return-type="Collection">
			<finder-column name="companyId" />
			<finder-column name="active" />
		</finder>
		<finder name="C_N_V" return-type="KaleoDefinition">
			<finder-column name="companyId" />
			<finder-column name="name" />
			<finder-column name="version" />
		</finder>
		<finder name="C_N_A" return-type="Collection">
			<finder-column name="companyId" />
			<finder-column name="name" />
			<finder-column name="active" />
		</finder>
	</entity>
	<entity name="KaleoInstance" local-service="true" remote-service="false">

		<!-- PK fields -->

		<column name="kaleoInstanceId" type="long" primary="true" />

		<!-- Group instance -->

		<column name="groupId" type="long" />

		<!-- Audit fields -->

		<column name="companyId" type="long" />
		<column name="userId" type="long" />
		<column name="userName" type="String" />
		<column name="createDate" type="Date" />
		<column name="modifiedDate" type="Date" />

		<!-- Other fields -->

		<column name="kaleoDefinitionId" type="long" />
		<column name="kaleoDefinitionName" type="String" />
		<column name="kaleoDefinitionVersion" type="int" />
		<column name="rootKaleoInstanceTokenId" type="long" />
		<column name="className" type="String" />
		<column name="classPK" type="long" />
		<column name="completed" type="boolean" />
		<column name="completionDate" type="Date" />
		<column name="workflowContext" type="String" />

		<!-- Order -->

		<order by="asc">
			<order-column name="kaleoInstanceId" />
		</order>

		<!-- Finder methods -->

		<finder name="CompanyId" return-type="Collection">
			<finder-column name="companyId" />
		</finder>
		<finder name="KaleoDefinitionId" return-type="Collection">
			<finder-column name="kaleoDefinitionId" />
		</finder>
		<finder name="KDI_C" return-type="Collection">
			<finder-column name="kaleoDefinitionId" />
			<finder-column name="completed" />
		</finder>
		<finder name="C_KDN_KDV_CD" return-type="Collection">
			<finder-column name="companyId" />
			<finder-column name="kaleoDefinitionName" />
			<finder-column name="kaleoDefinitionVersion" />
			<finder-column name="completionDate" />
		</finder>
	</entity>
	<entity name="KaleoInstanceToken" local-service="true" remote-service="false">

		<!-- PK fields -->

		<column name="kaleoInstanceTokenId" type="long" primary="true" />

		<!-- Group instance -->

		<column name="groupId" type="long" />

		<!-- Audit fields -->

		<column name="companyId" type="long" />
		<column name="userId" type="long" />
		<column name="userName" type="String" />
		<column name="createDate" type="Date" />
		<column name="modifiedDate" type="Date" />

		<!-- Other fields -->

		<column name="kaleoDefinitionId" type="long" />
		<column name="kaleoInstanceId" type="long" />
		<column name="parentKaleoInstanceTokenId" type="long" />
		<column name="currentKaleoNodeId" type="long" />
		<column name="currentKaleoNodeName" type="String" />
		<column name="className" type="String" />
		<column name="classPK" type="long" />
		<column name="completed" type="boolean" />
		<column name="completionDate" type="Date" />

		<!-- Order -->

		<order by="asc">
			<order-column name="kaleoInstanceTokenId" />
		</order>

		<!-- Finder methods -->

		<finder name="CompanyId" return-type="Collection">
			<finder-column name="companyId" />
		</finder>
		<finder name="KaleoDefinitionId" return-type="Collection">
			<finder-column name="kaleoDefinitionId" />
		</finder>
		<finder name="KaleoInstanceId" return-type="Collection">
			<finder-column name="kaleoInstanceId" />
		</finder>
		<finder name="C_PKITI" return-type="Collection">
			<finder-column name="companyId" />
			<finder-column name="parentKaleoInstanceTokenId" />
		</finder>
		<finder name="C_PKITI_CD" return-type="Collection">
			<finder-column name="companyId" />
			<finder-column name="parentKaleoInstanceTokenId" />
			<finder-column name="completionDate" />
		</finder>
	</entity>
	<entity name="KaleoLog" local-service="true" remote-service="false">

		<!-- PK fields -->

		<column name="kaleoLogId" type="long" primary="true" />

		<!-- Group instance -->

		<column name="groupId" type="long" />

		<!-- Audit fields -->

		<column name="companyId" type="long" />
		<column name="userId" type="long" />
		<column name="userName" type="String" />
		<column name="createDate" type="Date" />
		<column name="modifiedDate" type="Date" />

		<!-- Other fields -->

		<column name="kaleoDefinitionId" type="long" />
		<column name="kaleoInstanceId" type="long" />
		<column name="kaleoInstanceTokenId" type="long" />
		<column name="kaleoTaskInstanceTokenId" type="long" />
		<column name="kaleoNodeId" type="long" />
		<column name="kaleoNodeName" type="String" />
		<column name="terminalKaleoNode" type="boolean" />
		<column name="kaleoActionId" type="long" />
		<column name="kaleoActionName" type="String" />
		<column name="kaleoActionDescription" type="String" />
		<column name="previousKaleoNodeId" type="long" />
		<column name="previousKaleoNodeName" type="String" />
		<column name="previousAssigneeClassName" type="String" />
		<column name="previousAssigneeClassPK" type="long" />
		<column name="currentAssigneeClassName" type="String" />
		<column name="currentAssigneeClassPK" type="long" />
		<column name="type" type="String" />
		<column name="comment" type="String" />
		<column name="startDate" type="Date" />
		<column name="endDate" type="Date" />
		<column name="duration" type="long" />
		<column name="workflowContext" type="String" />

		<!-- Order -->

		<order by="asc">
			<order-column name="kaleoLogId" />
		</order>

		<!-- Finder methods -->

		<finder name="CompanyId" return-type="Collection">
			<finder-column name="companyId" />
		</finder>
		<finder name="KaleoDefinitionId" return-type="Collection">
			<finder-column name="kaleoDefinitionId" />
		</finder>
		<finder name="KaleoInstanceId" return-type="Collection">
			<finder-column name="kaleoInstanceId" />
		</finder>
		<finder name="KaleoTaskInstanceTokenId" return-type="Collection">
			<finder-column name="kaleoTaskInstanceTokenId" />
		</finder>
		<finder name="KITI_T" return-type="Collection">
			<finder-column name="kaleoInstanceTokenId" />
			<finder-column name="type" />
		</finder>
		<finder name="KITI_KNI_T" return-type="Collection">
			<finder-column name="kaleoInstanceTokenId" />
			<finder-column name="kaleoNodeId" />
			<finder-column name="type" />
		</finder>
	</entity>
	<entity name="KaleoNode" local-service="true" remote-service="false">

		<!-- PK fields -->

		<column name="kaleoNodeId" type="long" primary="true" />

		<!-- Group instance -->

		<column name="groupId" type="long" />

		<!-- Audit fields -->

		<column name="companyId" type="long" />
		<column name="userId" type="long" />
		<column name="userName" type="String" />
		<column name="createDate" type="Date" />
		<column name="modifiedDate" type="Date" />

		<!-- Other fields -->

		<column name="kaleoDefinitionId" type="long" />
		<column name="name" type="String" />
		<column name="description" type="String" />
		<column name="type" type="String" />
		<column name="initial" type="boolean" />
		<column name="terminal" type="boolean" />

		<!-- Relationships -->

		<column name="kaleoActions" type="Collection" entity="KaleoAction" mapping-key="kaleoNodeId" />
		<column name="kaleoTransitions" type="Collection" entity="KaleoTransition" mapping-key="kaleoNodeId" />

		<!-- Order -->

		<order by="asc">
			<order-column name="kaleoNodeId" />
		</order>

		<!-- Finder methods -->

		<finder name="CompanyId" return-type="Collection">
			<finder-column name="companyId" />
		</finder>
		<finder name="KaleoDefinitionId" return-type="Collection">
			<finder-column name="kaleoDefinitionId" />
		</finder>
		<finder name="C_KDI" return-type="Collection">
			<finder-column name="companyId" />
			<finder-column name="kaleoDefinitionId" />
		</finder>
	</entity>
	<entity name="KaleoNotification" local-service="true" remote-service="false">

		<!-- PK fields -->

		<column name="kaleoNotificationId" type="long" primary="true" />

		<!-- Group instance -->

		<column name="groupId" type="long" />

		<!-- Audit fields -->

		<column name="companyId" type="long" />
		<column name="userId" type="long" />
		<column name="userName" type="String" />
		<column name="createDate" type="Date" />
		<column name="modifiedDate" type="Date" />

		<!-- Other fields -->

		<column name="kaleoDefinitionId" type="long" />
		<column name="kaleoNodeId" type="long" />
		<column name="kaleoNodeName" type="String" />
		<column name="name" type="String" />
		<column name="description" type="String" />
		<column name="executionType" type="String" />
		<column name="template" type="String" />
		<column name="templateLanguage" type="String" />
		<column name="notificationTypes" type="String" />

		<!-- Relationships -->

		<column name="receipients" type="Collection" entity="KaleoNotificationRecipient" mapping-key="kaleoNotificationId" />

		<!-- Order -->

		<order by="asc">
			<order-column name="kaleoNotificationId" />
		</order>

		<!-- Finder methods -->

		<finder name="CompanyId" return-type="Collection">
			<finder-column name="companyId" />
		</finder>
		<finder name="KaleoDefinitionId" return-type="Collection">
			<finder-column name="kaleoDefinitionId" />
		</finder>
		<finder name="KNI_ET" return-type="Collection">
			<finder-column name="kaleoNodeId" />
			<finder-column name="executionType" />
		</finder>
	</entity>
	<entity name="KaleoNotificationRecipient" local-service="true" remote-service="false">

		<!-- PK fields -->

		<column name="kaleoNotificationRecipientId" type="long" primary="true" />

		<!-- Group instance -->

		<column name="groupId" type="long" />

		<!-- Audit fields -->

		<column name="companyId" type="long" />
		<column name="userId" type="long" />
		<column name="userName" type="String" />
		<column name="createDate" type="Date" />
		<column name="modifiedDate" type="Date" />

		<!-- Other fields -->

		<column name="kaleoDefinitionId" type="long" />
		<column name="kaleoNotificationId" type="long" />
		<column name="recipientClassName" type="String" />
		<column name="recipientClassPK" type="long" />
		<column name="recipientRoleType" type="int" />
		<column name="address" type="String" />

		<!-- Order -->

		<order by="asc">
			<order-column name="kaleoNotificationRecipientId" />
		</order>

		<!-- Finder methods -->

		<finder name="CompanyId" return-type="Collection">
			<finder-column name="companyId" />
		</finder>
		<finder name="KaleoDefinitionId" return-type="Collection">
			<finder-column name="kaleoDefinitionId" />
		</finder>
		<finder name="KaleoNotificationId" return-type="Collection">
			<finder-column name="kaleoNotificationId" />
		</finder>

		<!-- References -->

		<reference package-path="com.liferay.portal" entity="Role" />
	</entity>
	<entity name="KaleoTask" local-service="true" remote-service="false">

		<!-- PK fields -->

		<column name="kaleoTaskId" type="long" primary="true" />

		<!-- Group instance -->

		<column name="groupId" type="long" />

		<!-- Audit fields -->

		<column name="companyId" type="long" />
		<column name="userId" type="long" />
		<column name="userName" type="String" />
		<column name="createDate" type="Date" />
		<column name="modifiedDate" type="Date" />

		<!-- Other fields -->

		<column name="kaleoDefinitionId" type="long" />
		<column name="kaleoNodeId" type="long" />
		<column name="name" type="String" />
		<column name="description" type="String" />

		<!-- Relationships -->

		<column name="kaleoAssignments" type="Collection" entity="KaleoTaskAssignment" mapping-key="kaleoTaskId" />

		<!-- Order -->

		<order by="asc">
			<order-column name="kaleoTaskId" />
		</order>

		<!-- Finder methods -->

		<finder name="CompanyId" return-type="Collection">
			<finder-column name="companyId" />
		</finder>
		<finder name="KaleoDefinitionId" return-type="Collection">
			<finder-column name="kaleoDefinitionId" />
		</finder>
		<finder name="KaleoNodeId" return-type="KaleoTask">
			<finder-column name="kaleoNodeId" />
		</finder>
	</entity>
	<entity name="KaleoTaskAssignment" local-service="true" remote-service="false">

		<!-- PK fields -->

		<column name="kaleoTaskAssignmentId" type="long" primary="true" />

		<!-- Group instance -->

		<column name="groupId" type="long" />

		<!-- Audit fields -->

		<column name="companyId" type="long" />
		<column name="userId" type="long" />
		<column name="userName" type="String" />
		<column name="createDate" type="Date" />
		<column name="modifiedDate" type="Date" />

		<!-- Other fields -->

		<column name="kaleoDefinitionId" type="long" />
		<column name="kaleoNodeId" type="long" />
		<column name="kaleoTaskId" type="long" />
		<column name="assigneeClassName" type="String" />
		<column name="assigneeClassPK" type="long" />
		<column name="assigneeActionId" type="String" />
		<column name="assigneeScript" type="String" />
		<column name="assigneeScriptLanguage" type="String" />

		<!-- Order -->

		<order by="asc">
			<order-column name="kaleoTaskAssignmentId" />
		</order>

		<!-- Finder methods -->

		<finder name="CompanyId" return-type="Collection">
			<finder-column name="companyId" />
		</finder>
		<finder name="KaleoDefinitionId" return-type="Collection">
			<finder-column name="kaleoDefinitionId" />
		</finder>
		<finder name="KaleoTaskId" return-type="Collection">
			<finder-column name="kaleoTaskId" />
		</finder>
		<finder name="KNI_KTI" return-type="Collection">
			<finder-column name="kaleoNodeId" />
			<finder-column name="kaleoTaskId" />
		</finder>
		<finder name="KTI_ACN" return-type="Collection">
			<finder-column name="kaleoTaskId" />
			<finder-column name="assigneeClassName" />
		</finder>

		<!-- References -->

		<reference package-path="com.liferay.portal" entity="Role" />
	</entity>
	<entity name="KaleoTaskAssignmentInstance" local-service="true" remote-service="false">

		<!-- PK fields -->

		<column name="kaleoTaskAssignmentInstanceId" type="long" primary="true" />

		<!-- Group instance -->

		<column name="groupId" type="long" />

		<!-- Audit fields -->

		<column name="companyId" type="long" />
		<column name="userId" type="long" />
		<column name="userName" type="String" />
		<column name="createDate" type="Date" />
		<column name="modifiedDate" type="Date" />

		<!-- Other fields -->

		<column name="kaleoDefinitionId" type="long" />
		<column name="kaleoInstanceId" type="long" />
		<column name="kaleoInstanceTokenId" type="long" />
		<column name="kaleoTaskInstanceTokenId" type="long" />
		<column name="kaleoTaskId" type="long" />
		<column name="kaleoTaskName" type="String" />
		<column name="assigneeClassName" type="String" />
		<column name="assigneeClassPK" type="long" />
		<column name="completed" type="boolean" />
		<column name="completionDate" type="Date" />

		<!-- Order -->

		<order by="asc">
			<order-column name="kaleoTaskAssignmentInstanceId" />
		</order>

		<!-- Finder methods -->

		<finder name="CompanyId" return-type="Collection">
			<finder-column name="companyId" />
		</finder>
		<finder name="KaleoDefinitionId" return-type="Collection">
			<finder-column name="kaleoDefinitionId" />
		</finder>
		<finder name="KaleoInstanceId" return-type="Collection">
			<finder-column name="kaleoInstanceId" />
		</finder>
		<finder name="kaleoTaskInstanceTokenId" return-type="Collection">
			<finder-column name="kaleoTaskInstanceTokenId" />
		</finder>
	</entity>
	<entity name="KaleoTaskInstanceToken" local-service="true" remote-service="false">

		<!-- PK fields -->

		<column name="kaleoTaskInstanceTokenId" type="long" primary="true" />

		<!-- Group instance -->

		<column name="groupId" type="long" />

		<!-- Audit fields -->

		<column name="companyId" type="long" />
		<column name="userId" type="long" />
		<column name="userName" type="String" />
		<column name="createDate" type="Date" />
		<column name="modifiedDate" type="Date" />

		<!-- Other fields -->

		<column name="kaleoDefinitionId" type="long" />
		<column name="kaleoInstanceId" type="long" />
		<column name="kaleoInstanceTokenId" type="long" />
		<column name="kaleoTaskId" type="long" />
		<column name="kaleoTaskName" type="String" />
		<column name="className" type="String" />
		<column name="classPK" type="long" />
		<column name="completionUserId" type="long" />
		<column name="completed" type="boolean" />
		<column name="completionDate" type="Date" />
		<column name="dueDate" type="Date" />
		<column name="workflowContext" type="String" />

		<!-- Relationships -->

		<column name="kaleoTaskAssignmentInstances" type="Collection" entity="KaleoTaskAssignmentInstance" mapping-key="kaleoTaskInstanceTokenId" />

		<!-- Order -->

		<order by="asc">
			<order-column name="kaleoTaskInstanceTokenId" />
		</order>

		<!-- Finder methods -->

		<finder name="CompanyId" return-type="Collection">
			<finder-column name="companyId" />
		</finder>
		<finder name="KaleoDefinitionId" return-type="Collection">
			<finder-column name="kaleoDefinitionId" />
		</finder>
		<finder name="KaleoInstanceId" return-type="Collection">
			<finder-column name="kaleoInstanceId" />
		</finder>
		<finder name="KII_KTI" return-type="KaleoTaskInstanceToken">
			<finder-column name="kaleoInstanceId" />
			<finder-column name="kaleoTaskId" />
		</finder>
	</entity>
	<entity name="KaleoTimer" local-service="true" remote-service="false">

		<!-- PK fields -->

		<column name="kaleoTimerId" type="long" primary="true" />

		<!-- Group instance -->

		<column name="groupId" type="long" />

		<!-- Audit fields -->

		<column name="companyId" type="long" />
		<column name="userId" type="long" />
		<column name="userName" type="String" />
		<column name="createDate" type="Date" />
		<column name="modifiedDate" type="Date" />

		<!-- Other fields -->

		<column name="kaleoDefinitionId" type="long" />
		<column name="kaleoNodeId" type="long" />
		<column name="parentKaleoNodeId" type="long" />
		<column name="name" type="String" />
		<column name="defaultTimer" type="boolean" />
		<column name="description" type="String" />
		<column name="duration" type="double" />
		<column name="scale" type="String" />

		<!-- Order -->

		<order by="asc">
			<order-column name="kaleoTimerId" />
		</order>
		
		<!-- Finder methods -->

		<finder name="parentKaleoNodeId" return-type="Collection">
			<finder-column name="parentKaleoNodeId" />
		</finder>
		<finder name="PKNI_DT" return-type="Collection">
			<finder-column name="parentKaleoNodeId" />
			<finder-column name="defaultTimer" />
		</finder>
	</entity>
	<entity name="KaleoTimerInstanceToken" local-service="true" remote-service="false">

		<!-- PK fields -->

		<column name="kaleoTimerInstanceTokenId" type="long" primary="true" />

		<!-- Group instance -->

		<column name="groupId" type="long" />

		<!-- Audit fields -->

		<column name="companyId" type="long" />
		<column name="userId" type="long" />
		<column name="userName" type="String" />
		<column name="createDate" type="Date" />
		<column name="modifiedDate" type="Date" />

		<!-- Other fields -->

		<column name="kaleoDefinitionId" type="long" />
		<column name="kaleoInstanceId" type="long" />
		<column name="kaleoInstanceTokenId" type="long" />
		<column name="kaleoTimerId" type="long" />
		<column name="kaleoTimerName" type="String" />
		<column name="completionUserId" type="long" />
		<column name="completed" type="boolean" />
		<column name="completionDate" type="Date" />
		<column name="workflowContext" type="String" />

		<!-- Order -->

		<order by="asc">
			<order-column name="kaleoTimerInstanceTokenId" />
		</order>

		<!-- Finder methods -->

		<finder name="KaleoInstanceId" return-type="Collection">
			<finder-column name="kaleoInstanceId" />
		</finder>
		<finder name="KII_KTI" return-type="KaleoTimerInstanceToken">
			<finder-column name="kaleoInstanceId" />
			<finder-column name="kaleoTimerId" />
		</finder>
	</entity>
	<entity name="KaleoTransition" local-service="true" remote-service="false">

		<!-- PK fields -->

		<column name="kaleoTransitionId" type="long" primary="true" />

		<!-- Group instance -->

		<column name="groupId" type="long" />

		<!-- Audit fields -->

		<column name="companyId" type="long" />
		<column name="userId" type="long" />
		<column name="userName" type="String" />
		<column name="createDate" type="Date" />
		<column name="modifiedDate" type="Date" />

		<!-- Other fields -->

		<column name="kaleoDefinitionId" type="long" />
		<column name="kaleoNodeId" type="long" />
		<column name="name" type="String" />
		<column name="description" type="String" />
		<column name="sourceKaleoNodeId" type="long" />
		<column name="sourceKaleoNodeName" type="String" />
		<column name="targetKaleoNodeId" type="long" />
		<column name="targetKaleoNodeName" type="String" />
		<column name="defaultTransition" type="boolean" />

		<!-- Order -->

		<order by="asc">
			<order-column name="kaleoTransitionId" />
		</order>

		<!-- Finder methods -->

		<finder name="CompanyId" return-type="Collection">
			<finder-column name="companyId" />
		</finder>
		<finder name="KaleoDefinitionId" return-type="Collection">
			<finder-column name="kaleoDefinitionId" />
		</finder>
		<finder name="KaleoNodeId" return-type="Collection">
			<finder-column name="kaleoNodeId" />
		</finder>
		<finder name="KNI_N" return-type="KaleoTransition">
			<finder-column name="kaleoNodeId" />
			<finder-column name="name" />
		</finder>
		<finder name="KNI_DT" return-type="KaleoTransition">
			<finder-column name="kaleoNodeId" />
			<finder-column name="defaultTransition" />
		</finder>
	</entity>
</service-builder>