<?xml version="1.0"?>
<!DOCTYPE service-builder PUBLIC "-//Liferay//DTD Service Builder 6.0.0//EN" "http://www.liferay.com/dtd/liferay-service-builder_6_0_0.dtd">

<service-builder package-path="com.liferay.portlet.imagegallery">
	<namespace>IG</namespace>
	<entity name="IGFolder" uuid="true" local-service="true" remote-service="true">

		<!-- PK fields -->

		<column name="folderId" type="long" primary="true" />

		<!-- Group instance -->

		<column name="groupId" type="long" />

		<!-- Audit fields -->

		<column name="companyId" type="long" />
		<column name="userId" type="long" />
		<column name="createDate" type="Date" />
		<column name="modifiedDate" type="Date" />

		<!-- Other fields -->

		<column name="parentFolderId" type="long" />
		<column name="name" type="String" />
		<column name="description" type="String" />

		<!-- Order -->

		<order by="asc">
			<order-column name="folderId" />
			<order-column name="name" case-sensitive="false" />
		</order>

		<!-- Finder methods -->

		<finder name="GroupId" return-type="Collection">
			<finder-column name="groupId" />
		</finder>
		<finder name="CompanyId" return-type="Collection">
			<finder-column name="companyId" />
		</finder>
		<finder name="G_P" return-type="Collection">
			<finder-column name="groupId" />
			<finder-column name="parentFolderId" />
		</finder>
		<finder name="G_P_N" return-type="IGFolder" unique="true">
			<finder-column name="groupId" />
			<finder-column name="parentFolderId" />
			<finder-column name="name" />
		</finder>

		<!-- References -->

		<reference package-path="com.liferay.portal" entity="Group" />
		<reference package-path="com.liferay.portal" entity="Image" />
		<reference package-path="com.liferay.portal" entity="Layout" />
		<reference package-path="com.liferay.portlet.expando" entity="ExpandoValue" />
	</entity>
	<entity name="IGImage" uuid="true" local-service="true" remote-service="true">

		<!-- PK fields -->

		<column name="imageId" type="long" primary="true" />

		<!-- Group instance -->

		<column name="groupId" type="long" />

		<!-- Audit fields -->

		<column name="companyId" type="long" />
		<column name="userId" type="long" />
		<column name="createDate" type="Date" />
		<column name="modifiedDate" type="Date" />

		<!-- Other fields -->

		<column name="folderId" type="long" />
		<column name="name" type="String" />
		<column name="description" type="String" />
		<column name="smallImageId" type="long" />
		<column name="largeImageId" type="long" />
		<column name="custom1ImageId" type="long" />
		<column name="custom2ImageId" type="long" />
		
		<column name="AuthorId" type="long" />
		<column name="AuthorName" type="String" />

		<!-- Order -->

		<order by="asc">
			<order-column name="imageId" />
		</order>

		<!-- Finder methods -->

		<finder name="GroupId" return-type="Collection">
			<finder-column name="groupId" />
		</finder>
		<finder name="SmallImageId" return-type="IGImage">
			<finder-column name="smallImageId" />
		</finder>
		<finder name="LargeImageId" return-type="IGImage">
			<finder-column name="largeImageId" />
		</finder>
		<finder name="Custom1ImageId" return-type="IGImage">
			<finder-column name="custom1ImageId" />
		</finder>
		<finder name="Custom2ImageId" return-type="IGImage">
			<finder-column name="custom2ImageId" />
		</finder>
		<finder name="G_U" return-type="Collection">
			<finder-column name="groupId" />
			<finder-column name="userId" />
		</finder>
		<finder name="G_F" return-type="Collection">
			<finder-column name="groupId" />
			<finder-column name="folderId" arrayable-operator="OR" />
		</finder>
		<finder name="G_F_N" return-type="Collection">
			<finder-column name="groupId" />
			<finder-column name="folderId" />
			<finder-column name="name" />
		</finder>

		<!-- References -->

		<reference package-path="com.liferay.portal" entity="Image" />
		<reference package-path="com.liferay.portlet.asset" entity="AssetCategory" />
		<reference package-path="com.liferay.portlet.asset" entity="AssetEntry" />
		<reference package-path="com.liferay.portlet.asset" entity="AssetTag" />
		<reference package-path="com.liferay.portlet.expando" entity="ExpandoValue" />
		<reference package-path="com.liferay.portlet.social" entity="SocialActivity" />
	</entity>
	<exceptions>
		<exception>DuplicateFolderName</exception>
		<exception>DuplicateImageName</exception>
		<exception>FolderName</exception>
		<exception>ImageName</exception>
		<exception>ImageSize</exception>
	</exceptions>
</service-builder>