<?xml version="1.0"?>
<!DOCTYPE service-builder PUBLIC "-//Liferay//DTD Service Builder 6.1.0//EN" "http://www.liferay.com/dtd/liferay-service-builder_6_1_0.dtd">

<service-builder package-path="com.liferay.portlet.social">
	<namespace>Social</namespace>
	<entity name="SocialActivity" local-service="true" remote-service="false">

		<!-- PK fields -->

		<column name="activityId" type="long" primary="true" />

		<!-- Group instance -->

		<column name="groupId" type="long" />

		<!-- Audit fields -->

		<column name="companyId" type="long" />
		<column name="userId" type="long" />
		<column name="createDate" type="long" />

		<!-- Other fields -->

		<column name="mirrorActivityId" type="long" />
		<column name="classNameId" type="long" />
		<column name="classPK" type="long" />
		<column name="type" type="int" />
		<column name="extraData" type="String" />
		<column name="receiverUserId" type="long" />

		<!-- Order -->

		<order by="desc">
			<order-column name="createDate" />
		</order>

		<!-- Finder methods -->

		<finder name="GroupId" return-type="Collection">
			<finder-column name="groupId" />
		</finder>
		<finder name="CompanyId" return-type="Collection">
			<finder-column name="companyId" />
		</finder>
		<finder name="UserId" return-type="Collection">
			<finder-column name="userId" />
		</finder>
		<finder name="MirrorActivityId" return-type="SocialActivity">
			<finder-column name="mirrorActivityId" />
		</finder>
		<finder name="ClassNameId" return-type="Collection">
			<finder-column name="classNameId" />
		</finder>
		<finder name="ReceiverUserId" return-type="Collection">
			<finder-column name="receiverUserId" />
		</finder>
		<finder name="C_C" return-type="Collection">
			<finder-column name="classNameId" />
			<finder-column name="classPK" />
		</finder>
		<finder name="M_C_C" return-type="Collection">
			<finder-column name="mirrorActivityId" />
			<finder-column name="classNameId" />
			<finder-column name="classPK" />
		</finder>
		<finder name="G_U_CD_C_C_T_R" return-type="SocialActivity" unique="true">
			<finder-column name="groupId" />
			<finder-column name="userId" />
			<finder-column name="createDate" />
			<finder-column name="classNameId" />
			<finder-column name="classPK" />
			<finder-column name="type" />
			<finder-column name="receiverUserId" />
		</finder>

		<!-- References -->

		<reference package-path="com.liferay.portal" entity="Group" />
		<reference package-path="com.liferay.portal" entity="Layout" />
	</entity>
	<entity name="SocialActivityInterpreter" local-service="true" remote-service="false" tx-manager="none" />
	<entity name="SocialEquityAssetEntry" local-service="false" remote-service="false">

		<!-- PK fields -->

		<column name="equityAssetEntryId" type="long" primary="true" />

		<!-- Group instance -->

		<column name="groupId" type="long" />

		<!-- Audit fields -->

		<column name="companyId" type="long" />
		<column name="userId" type="long" />

		<!-- Other fields -->

		<column name="assetEntryId" type="long" />
		<column name="informationK" type="double" />
		<column name="informationB" type="double" />

		<!-- Finder methods -->

		<finder name="AssetEntryId" return-type="SocialEquityAssetEntry" unique="true">
			<finder-column name="assetEntryId" />
		</finder>
	</entity>
	<entity name="SocialEquityGroupSetting" local-service="true" remote-service="false">

		<!-- PK fields -->

		<column name="equityGroupSettingId" type="long" primary="true" />

		<!-- Group instance -->

		<column name="groupId" type="long" />

		<!-- Audit fields -->

		<column name="companyId" type="long" />

		<!-- Other fields -->

		<column name="classNameId" type="long" />
		<column name="type" type="int" />
		<column name="enabled" type="boolean" />

		<!-- Finder methods -->

		<finder name="G_C_T" return-type="SocialEquityGroupSetting" unique="true">
			<finder-column name="groupId" />
			<finder-column name="classNameId" />
			<finder-column name="type" />
		</finder>

		<!-- References -->

		<reference package-path="com.liferay.portal" entity="Group" />
	</entity>
	<entity name="SocialEquityHistory" local-service="true" remote-service="false">

		<!-- PK fields -->

		<column name="equityHistoryId" type="long" primary="true" />

		<!-- Group instance -->

		<column name="groupId" type="long" />

		<!-- Audit fields -->

		<column name="companyId" type="long" />
		<column name="userId" type="long" />
		<column name="createDate" type="Date" />

		<!-- Other fields -->

		<column name="personalEquity" type="int" />
	</entity>
	<entity name="SocialEquityLog" local-service="true" remote-service="false">

		<!-- PK fields -->

		<column name="equityLogId" type="long" primary="true" />

		<!-- Group instance -->

		<column name="groupId" type="long" />

		<!-- Audit fields -->

		<column name="companyId" type="long" />
		<column name="userId" type="long" />

		<!-- Other fields -->

		<column name="assetEntryId" type="long" />
		<column name="actionId" type="String" />
		<column name="actionDate" type="int" />
		<column name="active" type="boolean" />
		<column name="expiration" type="int" />
		<column name="type" type="int" />
		<column name="value" type="int" />
		<column name="extraData" type="String" />

		<!-- Finder methods -->

		<finder name="UserId" return-type="Collection">
			<finder-column name="userId" />
		</finder>
		<finder name="AEI_T_A" return-type="Collection">
			<finder-column name="assetEntryId" />
			<finder-column name="type" />
			<finder-column name="active" />
		</finder>
		<finder name="AEI_AID_A_E" return-type="Collection">
			<finder-column name="assetEntryId" />
			<finder-column name="actionId" />
			<finder-column name="active" />
			<finder-column name="extraData" />
		</finder>
		<finder name="U_AEI_AID_A_E" return-type="Collection">
			<finder-column name="userId" />
			<finder-column name="assetEntryId" />
			<finder-column name="actionId" />
			<finder-column name="active" />
			<finder-column name="extraData" />
		</finder>
		<finder name="U_AID_AD_A_T_E" return-type="Collection">
			<finder-column name="userId" />
			<finder-column name="actionId" />
			<finder-column name="actionDate" />
			<finder-column name="active" />
			<finder-column name="type" />
			<finder-column name="extraData" />
		</finder>
		<finder name="AEI_AID_AD_A_T_E" return-type="Collection">
			<finder-column name="assetEntryId" />
			<finder-column name="actionId" />
			<finder-column name="actionDate" />
			<finder-column name="active" />
			<finder-column name="type" />
			<finder-column name="extraData" />
		</finder>
		<finder name="U_AEI_AID_AD_A_T_E" return-type="SocialEquityLog" unique="true">
			<finder-column name="userId" />
			<finder-column name="assetEntryId" />
			<finder-column name="actionId" />
			<finder-column name="actionDate" />
			<finder-column name="active" />
			<finder-column name="type" />
			<finder-column name="extraData" />
		</finder>

		<!-- References -->

		<reference package-path="com.liferay.portlet.asset" entity="AssetEntry" />
	</entity>
	<entity name="SocialEquitySetting" local-service="true" remote-service="false">

		<!-- PK fields -->

		<column name="equitySettingId" type="long" primary="true" />

		<!-- Group instance -->

		<column name="groupId" type="long" />

		<!-- Audit fields -->

		<column name="companyId" type="long" />

		<!-- Other fields -->

		<column name="classNameId" type="long" />
		<column name="actionId" type="String" />
		<column name="dailyLimit" type="int" />
		<column name="lifespan" type="int" />
		<column name="type" type="int" />
		<column name="uniqueEntry" type="boolean" />
		<column name="value" type="int" />

		<!-- Finder methods -->

		<finder name="G_C_A" return-type="Collection">
			<finder-column name="groupId" />
			<finder-column name="classNameId" />
			<finder-column name="actionId" />
		</finder>
		<finder name="G_C_A_T" return-type="SocialEquitySetting" unique="true">
			<finder-column name="groupId" />
			<finder-column name="classNameId" />
			<finder-column name="actionId" />
			<finder-column name="type" />
		</finder>

		<!-- References -->

		<reference package-path="com.liferay.portal" entity="Group" />
	</entity>
	<entity name="SocialEquityUser" local-service="true" remote-service="false">

		<!-- PK fields -->

		<column name="equityUserId" type="long" primary="true" />

		<!-- Group instance -->

		<column name="groupId" type="long" />

		<!-- Audit fields -->

		<column name="companyId" type="long" />
		<column name="userId" type="long" />

 		<!-- Other fields -->

		<column name="contributionK" type="double" />
		<column name="contributionB" type="double" />
		<column name="participationK" type="double" />
		<column name="participationB" type="double" />
		<column name="rank" type="int" />

		<!-- Finder methods -->

		<finder name="GroupId" return-type="Collection">
			<finder-column name="groupId" />
		</finder>
		<finder name="GroupRanked" return-type="Collection" where="rank > 0">
			<finder-column name="groupId" />
		</finder>
		<finder name="UserId" return-type="Collection">
			<finder-column name="userId" />
		</finder>
		<finder name="Rank" return-type="Collection">
			<finder-column name="rank" />
		</finder>
		<finder name="G_U" return-type="SocialEquityUser" unique="true">
			<finder-column name="groupId" />
			<finder-column name="userId" />
		</finder>
		<finder name="G_R" return-type="Collection">
			<finder-column name="groupId" />
			<finder-column name="rank" />
		</finder>
	</entity>
	<entity name="SocialRelation" uuid="true" local-service="true" remote-service="false">

		<!-- PK fields -->

		<column name="relationId" type="long" primary="true" />

		<!-- Audit fields -->

		<column name="companyId" type="long" />
		<column name="createDate" type="long" />

		<!-- Other fields -->

		<column name="userId1" type="long" />
		<column name="userId2" type="long" />
		<column name="type" type="int" />

		<!-- Finder methods -->

		<finder name="CompanyId" return-type="Collection">
			<finder-column name="companyId" />
		</finder>
		<finder name="UserId1" return-type="Collection">
			<finder-column name="userId1" />
		</finder>
		<finder name="UserId2" return-type="Collection">
			<finder-column name="userId2" />
		</finder>
		<finder name="Type" return-type="Collection">
			<finder-column name="type" />
		</finder>
		<finder name="C_T" return-type="Collection">
			<finder-column name="companyId" />
			<finder-column name="type" />
		</finder>
		<finder name="U1_U2" return-type="Collection">
			<finder-column name="userId1" />
			<finder-column name="userId2" />
		</finder>
		<finder name="U1_T" return-type="Collection">
			<finder-column name="userId1" />
			<finder-column name="type" />
		</finder>
		<finder name="U2_T" return-type="Collection">
			<finder-column name="userId2" />
			<finder-column name="type" />
		</finder>
		<finder name="U1_U2_T" return-type="SocialRelation" unique="true">
			<finder-column name="userId1" />
			<finder-column name="userId2" />
			<finder-column name="type" />
		</finder>
	</entity>
	<entity name="SocialRequest" uuid="true" local-service="true" remote-service="false">

		<!-- PK fields -->

		<column name="requestId" type="long" primary="true" />

		<!-- Group instance -->

		<column name="groupId" type="long" />

		<!-- Audit fields -->

		<column name="companyId" type="long" />
		<column name="userId" type="long" />
		<column name="createDate" type="long" />
		<column name="modifiedDate" type="long" />

		<!-- Other fields -->

		<column name="classNameId" type="long" />
		<column name="classPK" type="long" />
		<column name="type" type="int" />
		<column name="extraData" type="String" />
		<column name="receiverUserId" type="long" />
		<column name="status" type="int" />

		<!-- Order -->

		<order by="desc">
			<order-column name="requestId" />
		</order>

		<!-- Finder methods -->

		<finder name="CompanyId" return-type="Collection">
			<finder-column name="companyId" />
		</finder>
		<finder name="UserId" return-type="Collection">
			<finder-column name="userId" />
		</finder>
		<finder name="ReceiverUserId" return-type="Collection">
			<finder-column name="receiverUserId" />
		</finder>
		<finder name="U_S" return-type="Collection">
			<finder-column name="userId" />
			<finder-column name="status" />
		</finder>
		<finder name="R_S" return-type="Collection">
			<finder-column name="receiverUserId" />
			<finder-column name="status" />
		</finder>
		<finder name="U_C_C_T_R" return-type="SocialRequest" unique="true">
			<finder-column name="userId" />
			<finder-column name="classNameId" />
			<finder-column name="classPK" />
			<finder-column name="type" />
			<finder-column name="receiverUserId" />
		</finder>
		<finder name="U_C_C_T_S" return-type="Collection">
			<finder-column name="userId" />
			<finder-column name="classNameId" />
			<finder-column name="classPK" />
			<finder-column name="type" />
			<finder-column name="status" />
		</finder>
		<finder name="C_C_T_R_S" return-type="Collection">
			<finder-column name="classNameId" />
			<finder-column name="classPK" />
			<finder-column name="type" />
			<finder-column name="receiverUserId" />
			<finder-column name="status" />
		</finder>
	</entity>
	<entity name="SocialRequestInterpreter" local-service="true" remote-service="false" tx-manager="none" />
	<exceptions>
		<exception>RelationUserId</exception>
		<exception>RequestUserId</exception>
	</exceptions>
</service-builder>