<?xml version="1.0"?>
<!DOCTYPE service-builder PUBLIC "-//Liferay//DTD Service Builder 6.1.0//EN" "http://www.liferay.com/dtd/liferay-service-builder_6_1_0.dtd">

<service-builder package-path="com.liferay.socialcoding">
	<namespace>SC</namespace>
	<entity name="JIRAAction" table="jiraaction" local-service="true" remote-service="false" data-source="jiraDataSource" session-factory="jiraSessionFactory" tx-manager="jiraTransactionManager">

		<!-- PK fields -->

		<column name="jiraActionId" db-name="id" type="long" primary="true" />

		<!-- Audit fields -->

		<column name="jiraUserId" db-name="author" type="String" />
		<column name="createDate" db-name="created" type="Date" />
		<column name="modifiedDate" db-name="updated" type="Date" />

		<!-- Other fields -->

		<column name="jiraIssueId" db-name="issueid" type="long" />
		<column name="type" db-name="actiontype" type="String" />
		<column name="body" db-name="actionbody" type="String" />
		<column name="jiraGroupName" db-name="actionlevel" type="String" />

		<!-- Order -->

		<order by="desc">
			<order-column name="modifiedDate" />
		</order>

		<!-- Finder methods -->

		<finder name="JiraUserId" return-type="Collection">
			<finder-column name="jiraUserId" />
		</finder>
		<finder name="JiraIssueId" return-type="Collection">
			<finder-column name="jiraIssueId" />
		</finder>
		<finder name="Type" return-type="Collection">
			<finder-column name="type" />
		</finder>
	</entity>
	<entity name="JIRAChangeGroup" table="changegroup" local-service="true" remote-service="false" data-source="jiraDataSource" session-factory="jiraSessionFactory" tx-manager="jiraTransactionManager">

		<!-- PK fields -->

		<column name="jiraChangeGroupId" db-name="id" type="long" primary="true" />

		<!-- Audit fields -->

		<column name="jiraUserId" db-name="author" type="String" />
		<column name="createDate" db-name="created" type="Date" />

		<!-- Other fields -->

		<column name="jiraIssueId" db-name="issueid" type="long" />

		<!-- Order -->

		<order by="desc">
			<order-column name="createDate" />
		</order>

		<!-- Finder methods -->

		<finder name="JiraUserId" return-type="Collection">
			<finder-column name="jiraUserId" />
		</finder>
		<finder name="JiraIssueId" return-type="Collection">
			<finder-column name="jiraIssueId" />
		</finder>
	</entity>
	<entity name="JIRAChangeItem" table="changeitem" local-service="true" remote-service="false" data-source="jiraDataSource" session-factory="jiraSessionFactory" tx-manager="jiraTransactionManager">

		<!-- PK fields -->

		<column name="jiraChangeItemId" db-name="id" type="long" primary="true" />

		<!-- Other fields -->

		<column name="jiraChangeGroupId" db-name="groupid" type="long" />
		<column name="field" type="String" />
		<column name="oldValue" type="String" />
		<column name="oldString" type="String" />
		<column name="newValue" type="String" />
		<column name="newString" type="String" />

		<!-- Finder methods -->

		<finder name="JiraChangeGroupId" return-type="Collection">
			<finder-column name="jiraChangeGroupId" />
		</finder>
	</entity>
	<entity name="JIRAIssue" table="jiraissue" local-service="true" remote-service="false" data-source="jiraDataSource" session-factory="jiraSessionFactory" tx-manager="jiraTransactionManager" cache-enabled="false">

		<!-- PK fields -->

		<column name="jiraIssueId" db-name="id" type="long" primary="true" />

		<!-- Audit fields -->

		<column name="createDate" db-name="created" type="Date" />
		<column name="modifiedDate" db-name="updated" type="Date" />

		<!-- Other fields -->

		<column name="projectId" db-name="project" type="long" />
		<column name="key" db-name="pkey" type="String" />
		<column name="summary" type="String" />
		<column name="description" type="String" />
		<column name="reporterJiraUserId" db-name="reporter" type="String" />
		<column name="assigneeJiraUserId" db-name="assignee" type="String" />
		<column name="resolution" type="String" />
		<column name="status" db-name="issuestatus" type="String" />

		<!-- Order -->

		<order by="desc">
			<order-column name="modifiedDate" />
		</order>

		<!-- Finder methods -->

		<finder name="ProjectId" return-type="Collection">
			<finder-column name="projectId" />
		</finder>
		<finder name="Key" return-type="JIRAIssue">
			<finder-column name="key" />
		</finder>
		<finder name="ReporterJiraUserId" return-type="Collection">
			<finder-column name="reporterJiraUserId" />
		</finder>
		<finder name="AssigneeJiraUserId" return-type="Collection">
			<finder-column name="assigneeJiraUserId" />
		</finder>
		<finder name="MD_P" return-type="Collection">
			<finder-column name="modifiedDate" comparator=">" />
			<finder-column name="projectId" />
		</finder>
		<finder name="P_RJUI" return-type="Collection">
			<finder-column name="projectId" />
			<finder-column name="reporterJiraUserId" />
		</finder>
		<finder name="P_AJUI" return-type="Collection">
			<finder-column name="projectId" />
			<finder-column name="assigneeJiraUserId" />
		</finder>
		<finder name="MD_P_RJUI" return-type="Collection">
			<finder-column name="modifiedDate" comparator=">" />
			<finder-column name="projectId" />
			<finder-column name="reporterJiraUserId" />
		</finder>
		<finder name="MD_P_AJUI" return-type="Collection">
			<finder-column name="modifiedDate" comparator=">" />
			<finder-column name="projectId" />
			<finder-column name="assigneeJiraUserId" />
		</finder>
		<finder name="P_RJUI_S" return-type="Collection">
			<finder-column name="projectId" />
			<finder-column name="reporterJiraUserId" />
			<finder-column name="status" />
		</finder>
		<finder name="P_AJUI_S" return-type="Collection">
			<finder-column name="projectId" />
			<finder-column name="assigneeJiraUserId" />
			<finder-column name="status" />
		</finder>
	</entity>
	<entity name="SVNRepository" local-service="true" remote-service="false">

		<!-- PK fields -->

		<column name="svnRepositoryId" type="long" primary="true" />

		<!-- Other fields -->

		<column name="url" type="String" />
		<column name="revisionNumber" type="long" />

		<!-- Order -->

		<order by="asc">
			<order-column name="url" />
		</order>

		<!-- Finder methods -->

		<finder name="Url" return-type="SVNRepository">
			<finder-column name="url" />
		</finder>
	</entity>
	<entity name="SVNRevision" local-service="true" remote-service="false">

		<!-- PK fields -->

		<column name="svnRevisionId" type="long" primary="true" />

		<!-- Audit fields -->

		<column name="svnUserId" type="String" />
		<column name="createDate" type="Date" />

		<!-- Other fields -->

		<column name="svnRepositoryId" type="long" />
		<column name="revisionNumber" type="long" />
		<column name="comments" type="String" />

		<!-- Order -->

		<order by="desc">
			<order-column name="revisionNumber" />
		</order>

		<!-- Finder methods -->

		<finder name="SVNUserId" return-type="Collection">
			<finder-column name="svnUserId" />
		</finder>
		<finder name="SVNRepositoryId" return-type="Collection">
			<finder-column name="svnRepositoryId" />
		</finder>
		<finder name="SVNU_SVNR" return-type="Collection">
			<finder-column name="svnUserId" />
			<finder-column name="svnRepositoryId" />
		</finder>
	</entity>
</service-builder>