<?xml version="1.0"?>
<!DOCTYPE service-builder PUBLIC "-//Liferay//DTD Service Builder 6.1.0//EN" "http://www.liferay.com/dtd/liferay-service-builder_6_1_0.dtd">

<service-builder>
	<entity name="HRBillability" local-service="false" remote-service="false">

		<!-- PK fields -->

		<column name="hrBillabilityId" type="long" primary="true" />

		<!-- Group instance -->

		<column name="groupId" type="long" />

		<!-- Audit fields -->

		<column name="companyId" type="long" />
		<column name="userId" type="long" />
		<column name="userName" type="String" />
		<column name="createDate" type="Date" />
		<column name="modifiedDate" type="Date" />

		<!-- Other fields -->

		<column name="code" type="String" />
		<column name="name" type="String" />
		<column name="description" type="String" />

		<!-- Finder methods -->

		<finder name="G_C" return-type="HRBillability" unique="true">
			<finder-column name="groupId" />
			<finder-column name="code" />
		</finder>
	</entity>
	<entity name="HRClient" local-service="false" remote-service="false">

		<!-- PK fields -->

		<column name="hrClientId" type="long" primary="true" />

		<!-- Group instance -->

		<column name="groupId" type="long" />

		<!-- Audit fields -->

		<column name="companyId" type="long" />
		<column name="userId" type="long" />
		<column name="userName" type="String" />
		<column name="createDate" type="Date" />
		<column name="modifiedDate" type="Date" />

		<!-- Other fields -->

		<column name="name" type="String" />
		<column name="description" type="String" />
	</entity>
	<entity name="HRProject" local-service="false" remote-service="false">

		<!-- PK fields -->

		<column name="hrProjectId" type="long" primary="true" />

		<!-- Group instance -->

		<column name="groupId" type="long" />

		<!-- Audit fields -->

		<column name="companyId" type="long" />
		<column name="userId" type="long" />
		<column name="userName" type="String" />
		<column name="createDate" type="Date" />
		<column name="modifiedDate" type="Date" />

		<!-- Other fields -->

		<column name="hrClientId" type="long" />
		<column name="hrProjectStatusId" type="long" />
		<column name="name" type="String" />
		<column name="description" type="String" />
		<column name="estimatedStartDate" type="Date" />
		<column name="estimatedEndDate" type="Date" />
		<column name="estimatedHours" type="double" />
		<column name="estimatedHoursCost" type="double" />
		<column name="estimatedHoursCostCurrencyCode" type="String" />
		<column name="estimatedExpenses" type="double" />
		<column name="estimatedExpensesCurrencyCode" type="String" />
		<column name="actualStartDate" type="Date" />
		<column name="actualEndDate" type="Date" />
		<column name="actualHours" type="double" />
		<column name="actualHoursCost" type="double" />
		<column name="actualHoursCostCurrencyCode" type="String" />
		<column name="actualExpenses" type="double" />
		<column name="actualExpensesCurrencyCode" type="double" />
	</entity>
	<entity name="HRProjectBillingRate" local-service="false" remote-service="false">

		<!-- PK fields -->

		<column name="hrProjectBillingRateId" type="long" primary="true" />

		<!-- Group instance -->

		<column name="groupId" type="long" />

		<!-- Audit fields -->

		<column name="companyId" type="long" />
		<column name="userId" type="long" />
		<column name="userName" type="String" />
		<column name="createDate" type="Date" />
		<column name="modifiedDate" type="Date" />

		<!-- Other fields -->

		<column name="hrProjectId" type="long" />
		<column name="hrProjectRoleId" type="long" />
		<column name="rate" type="double" />
	</entity>
	<entity name="HRProjectRole" local-service="false" remote-service="false">

		<!-- PK fields -->

		<column name="hrProjectRoleId" type="long" primary="true" />

		<!-- Group instance -->

		<column name="groupId" type="long" />

		<!-- Audit fields -->

		<column name="companyId" type="long" />
		<column name="userId" type="long" />
		<column name="userName" type="String" />
		<column name="createDate" type="Date" />
		<column name="modifiedDate" type="Date" />

		<!-- Other fields -->

		<column name="name" type="String" />
		<column name="description" type="String" />
	</entity>
	<entity name="HRProjectStatus" local-service="false" remote-service="false">

		<!-- PK fields -->

		<column name="hrProjectStatusId" type="long" primary="true" />

		<!-- Group instance -->

		<column name="groupId" type="long" />

		<!-- Audit fields -->

		<column name="companyId" type="long" />
		<column name="userId" type="long" />
		<column name="userName" type="String" />
		<column name="createDate" type="Date" />
		<column name="modifiedDate" type="Date" />

		<!-- Other fields -->

		<column name="code" type="String" />
		<column name="name" type="String" />
		<column name="description" type="String" />

		<!-- Finder methods -->

		<finder name="G_C" return-type="HRProjectStatus" unique="true">
			<finder-column name="groupId" />
			<finder-column name="code" />
		</finder>
	</entity>
	<entity name="HRTask" local-service="false" remote-service="false">

		<!-- PK fields -->

		<column name="hrTaskId" type="long" primary="true" />

		<!-- Group instance -->

		<column name="groupId" type="long" />

		<!-- Audit fields -->

		<column name="companyId" type="long" />
		<column name="userId" type="long" />
		<column name="userName" type="String" />
		<column name="createDate" type="Date" />
		<column name="modifiedDate" type="Date" />

		<!-- Other fields -->

		<column name="hrBillabilityId" type="long" />
		<column name="hrProjectId" type="long" />
		<column name="hrTaskStatusId" type="long" />
		<column name="parentHRTaskId" type="long" />
		<column name="name" type="String" />
		<column name="description" type="String" />
		<column name="estimatedStartDate" type="Date" />
		<column name="estimatedEndDate" type="Date" />
		<column name="estimatedHours" type="double" />
		<column name="estimatedHoursCost" type="double" />
		<column name="estimatedHoursCostCurrencyCode" type="String" />
		<column name="estimatedExpenses" type="double" />
		<column name="estimatedExpensesCurrencyCode" type="String" />
		<column name="actualStartDate" type="Date" />
		<column name="actualEndDate" type="Date" />
		<column name="actualHours" type="double" />
		<column name="actualHoursCost" type="double" />
		<column name="actualHoursCostCurrencyCode" type="String" />
		<column name="actualExpenses" type="double" />
		<column name="actualExpensesCurrencyCode" type="String" />
	</entity>
	<entity name="HRTaskStatus" local-service="false" remote-service="false">

		<!-- PK fields -->

		<column name="hrTaskStatusId" type="long" primary="true" />

		<!-- Group instance -->

		<column name="groupId" type="long" />

		<!-- Audit fields -->

		<column name="companyId" type="long" />
		<column name="userId" type="long" />
		<column name="userName" type="String" />
		<column name="createDate" type="Date" />
		<column name="modifiedDate" type="Date" />

		<!-- Other fields -->

		<column name="code" type="String" />
		<column name="name" type="String" />
		<column name="description" type="String" />

		<!-- Finder methods -->

		<finder name="G_C" return-type="HRTaskStatus" unique="true">
			<finder-column name="groupId" />
			<finder-column name="code" />
		</finder>
	</entity>
	<entity name="HRUserProject" local-service="false" remote-service="false">

		<!-- PK fields -->

		<column name="hrUserProjectId" type="long" primary="true" />

		<!-- Group instance -->

		<column name="groupId" type="long" />

		<!-- Audit fields -->

		<column name="companyId" type="long" />
		<column name="userId" type="long" />
		<column name="userName" type="String" />
		<column name="createDate" type="Date" />
		<column name="modifiedDate" type="Date" />

		<!-- Other fields -->

		<column name="hrProjectBillingRateId" type="long" />
		<column name="hrProjectId" type="long" />
		<column name="hrProjectRoleId" type="long" />
		<column name="hrUserId" type="long" />
		<column name="actualRate" type="double" />
	</entity>
	<entity name="HRUserTask" local-service="false" remote-service="false">

		<!-- PK fields -->

		<column name="hrUserTaskId" type="long" primary="true" />

		<!-- Group instance -->

		<column name="groupId" type="long" />

		<!-- Audit fields -->

		<column name="companyId" type="long" />
		<column name="userId" type="long" />
		<column name="userName" type="String" />
		<column name="createDate" type="Date" />
		<column name="modifiedDate" type="Date" />

		<!-- Other fields -->

		<column name="hrBillabilityId" type="long" />
		<column name="hrTaskId" type="long" />
		<column name="hrTimesheetId" type="long" />
		<column name="hrUserId" type="long" />
	</entity>
</service-builder>