<?xml version="1.0"?>
<!DOCTYPE service-builder PUBLIC "-//Liferay//DTD Service Builder 6.1.0//EN" "http://www.liferay.com/dtd/liferay-service-builder_6_1_0.dtd">

<service-builder>
	<entity name="HRExpense" local-service="true" remote-service="false">

		<!-- PK fields -->

		<column name="hrExpenseId" type="long" primary="true" />

		<!-- Group instance -->

		<column name="groupId" type="long" />

		<!-- Audit fields -->

		<column name="companyId" type="long" />
		<column name="userId" type="long" />
		<column name="userName" type="String" />
		<column name="createDate" type="Date" />
		<column name="modifiedDate" type="Date" />

		<!-- Other fields -->

		<column name="hrExpenseAccountId" type="long" />
		<column name="hrExpenseTypeId" type="long" />
		<column name="hrUserId" type="long" />
		<column name="expenseDate" type="Date" />
		<column name="expenseAmount" type="double" />
		<column name="expenseHRExpenseCurrencyId" type="long" />
		<column name="reimbursementAmount" type="double" />
		<column name="reimbursementHRExpenseCurrencyId" type="long" />
		<column name="status" type="int" />
		<column name="statusByUserId" type="long" />
		<column name="statusByUserName" type="String" />
		<column name="statusDate" type="Date" />
	</entity>
	<entity name="HRExpenseAccount" local-service="true" remote-service="false">

		<!-- PK fields -->

		<column name="hrExpenseAccountId" type="long" primary="true" />

		<!-- Group instance -->

		<column name="groupId" type="long" />

		<!-- Audit fields -->

		<column name="companyId" type="long" />
		<column name="userId" type="long" />
		<column name="userName" type="String" />
		<column name="createDate" type="Date" />
		<column name="modifiedDate" type="Date" />

		<!-- Other fields -->

		<column name="name" type="String" />
		<column name="description" type="String" />

		<!-- Finder methods -->

		<finder name="G_N" return-type="HRExpenseAccount" unique="true">
			<finder-column name="groupId" />
			<finder-column name="name" />
		</finder>
	</entity>
	<entity name="HRExpenseCurrency" local-service="true" remote-service="false">

		<!-- PK fields -->

		<column name="hrExpenseCurrencyId" type="long" primary="true" />

		<!-- Group instance -->

		<column name="groupId" type="long" />

		<!-- Audit fields -->

		<column name="companyId" type="long" />
		<column name="userId" type="long" />
		<column name="userName" type="String" />
		<column name="createDate" type="Date" />
		<column name="modifiedDate" type="Date" />

		<!-- Other fields -->

		<column name="code" type="String" />
		<column name="name" type="String" />
		<column name="description" type="String" />
	</entity>
	<entity name="HRExpenseCurrencyConversion" local-service="true" remote-service="false">

		<!-- PK fields -->

		<column name="hrExpenseCurrencyConversionId" type="long" primary="true" />

		<!-- Group instance -->

		<column name="groupId" type="long" />

		<!-- Audit fields -->

		<column name="companyId" type="long" />
		<column name="userId" type="long" />
		<column name="userName" type="String" />
		<column name="createDate" type="Date" />
		<column name="modifiedDate" type="Date" />

		<!-- Other fields -->

		<column name="fromHRExpenseCurrencyId" type="long" />
		<column name="toHRExpenseCurrencyId" type="long" />
		<column name="conversionDate" type="Date" />
		<column name="conversionValue" type="double" />

		<!-- Order -->

		<order by="desc">
			<order-column name="conversionDate" />
		</order>

		<!-- Finder methods -->

		<finder name="G_F_T_C" return-type="HRExpenseCurrencyConversion" unique="true">
			<finder-column name="groupId" />
			<finder-column name="fromHRExpenseCurrencyId" />
			<finder-column name="toHRExpenseCurrencyId" />
			<finder-column name="conversionDate" comparator="&lt;" />
		</finder>
	</entity>
	<entity name="HRExpenseType" local-service="true" remote-service="false">

		<!-- PK fields -->

		<column name="hrExpenseTypeId" type="long" primary="true" />

		<!-- Group instance -->

		<column name="groupId" type="long" />

		<!-- Audit fields -->

		<column name="companyId" type="long" />
		<column name="userId" type="long" />
		<column name="userName" type="String" />
		<column name="createDate" type="Date" />
		<column name="modifiedDate" type="Date" />

		<!-- Other fields -->

		<column name="name" type="String" />
		<column name="description" type="String" />

		<!-- Finder methods -->

		<finder name="G_N" return-type="HRExpenseType" unique="true">
			<finder-column name="groupId" />
			<finder-column name="name" />
		</finder>
	</entity>
</service-builder>