<?xml version="1.0"?>
<!DOCTYPE service-builder PUBLIC "-//Liferay//DTD Service Builder 6.1.0//EN" "http://www.liferay.com/dtd/liferay-service-builder_6_1_0.dtd">

<service-builder>
	<entity name="HRAsset" local-service="false" remote-service="false">

		<!-- PK fields -->

		<column name="hrAssetId" type="long" primary="true" />

		<!-- Group instance -->

		<column name="groupId" type="long" />

		<!-- Audit fields -->

		<column name="companyId" type="long" />
		<column name="userId" type="long" />
		<column name="userName" type="String" />
		<column name="createDate" type="Date" />
		<column name="modifiedDate" type="Date" />

		<!-- Other fields -->

		<column name="hrAssetDefinitionId" type="long" />
		<column name="hrAssetTypeId" type="long" />
		<column name="serialNumber" type="String" />
		<column name="inactiveDate" type="Date" />
	</entity>
	<entity name="HRAssetCheckout" local-service="false" remote-service="false">

		<!-- PK fields -->

		<column name="hrAssetCheckoutId" type="long" primary="true" />

		<!-- Group instance -->

		<column name="groupId" type="long" />

		<!-- Audit fields -->

		<column name="companyId" type="long" />
		<column name="userId" type="long" />
		<column name="userName" type="String" />
		<column name="createDate" type="Date" />
		<column name="modifiedDate" type="Date" />

		<!-- Other fields -->

		<column name="hrAssetId" type="long" />
		<column name="hrUserId" type="long" />
		<column name="checkoutDate" type="Date" />
		<column name="expectedCheckInDate" type="Date" />
		<column name="actualCheckInDate" type="Date" />
	</entity>
	<entity name="HRAssetDefinition" local-service="false" remote-service="false">

		<!-- PK fields -->

		<column name="hrAssetDefinitionId" type="long" primary="true" />

		<!-- Group instance -->

		<column name="groupId" type="long" />

		<!-- Audit fields -->

		<column name="companyId" type="long" />
		<column name="userId" type="long" />
		<column name="userName" type="String" />
		<column name="createDate" type="Date" />
		<column name="modifiedDate" type="Date" />

		<!-- Other fields -->

		<column name="hrAssetProductId" type="String" />
		<column name="hrAssetTypeId" type="long" />
		<column name="hrAssetVendorId" type="long" />
		<column name="definitionNumber" type="String" />
		<column name="orderId" type="Date" />
		<column name="orderDate" type="Date" />
		<column name="quantity" type="int" />
		<column name="individualPrice" type="double" />
	</entity>
	<entity name="HRAssetProduct" local-service="false" remote-service="false">

		<!-- PK fields -->

		<column name="hrAssetProductId" type="long" primary="true" />

		<!-- Group instance -->

		<column name="groupId" type="long" />

		<!-- Audit fields -->

		<column name="companyId" type="long" />
		<column name="userId" type="long" />
		<column name="userName" type="String" />
		<column name="createDate" type="Date" />
		<column name="modifiedDate" type="Date" />

		<!-- Other fields -->

		<column name="hrAssetVendorId" type="long" />
		<column name="name" type="String" />
		<column name="description" type="String" />
	</entity>
	<entity name="HRAssetType" local-service="false" remote-service="false">

		<!-- PK fields -->

		<column name="hrAssetTypeId" type="long" primary="true" />

		<!-- Group instance -->

		<column name="groupId" type="long" />

		<!-- Audit fields -->

		<column name="companyId" type="long" />
		<column name="userId" type="long" />
		<column name="userName" type="String" />
		<column name="createDate" type="Date" />
		<column name="modifiedDate" type="Date" />

		<!-- Other fields -->

		<column name="name" type="String" />
		<column name="description" type="String" />
	</entity>
	<entity name="HRAssetVendor" local-service="false" remote-service="false">

		<!-- PK fields -->

		<column name="hrAssetVendorId" type="long" primary="true" />

		<!-- Group instance -->

		<column name="groupId" type="long" />

		<!-- Audit fields -->

		<column name="companyId" type="long" />
		<column name="userId" type="long" />
		<column name="userName" type="String" />
		<column name="createDate" type="Date" />
		<column name="modifiedDate" type="Date" />

		<!-- Other fields -->

		<column name="name" type="String" />
		<column name="description" type="String" />
	</entity>
</service-builder>