<?xml version="1.0"?>
<!DOCTYPE service-builder PUBLIC "-//Liferay//DTD Service Builder 6.1.0//EN" "http://www.liferay.com/dtd/liferay-service-builder_6_1_0.dtd">

<service-builder>
	<entity name="HRHoliday" local-service="false" remote-service="false">

		<!-- PK fields -->

		<column name="hrHolidayId" type="long" primary="true" />

		<!-- Group instance -->

		<column name="groupId" type="long" />

		<!-- Audit fields -->

		<column name="companyId" type="long" />
		<column name="userId" type="long" />
		<column name="userName" type="String" />
		<column name="createDate" type="Date" />
		<column name="modifiedDate" type="Date" />

		<!-- Other fields -->

		<column name="name" type="String" />
		<column name="description" type="String" />
		<column name="dayOfYear" type="int" />
		<column name="year" type="int" />
		<column name="paid" type="boolean" />

		<!-- Relationships -->

		<column name="hrOffices" type="Collection" entity="HROffice" mapping-table="HRHolidays_HROffices" />
	</entity>
	<entity name="HRTimeOff" local-service="false" remote-service="false">

		<!-- PK fields -->

		<column name="hrTimeOffId" type="long" primary="true" />

		<!-- Group instance -->

		<column name="groupId" type="long" />

		<!-- Audit fields -->

		<column name="companyId" type="long" />
		<column name="userId" type="long" />
		<column name="userName" type="String" />
		<column name="createDate" type="Date" />
		<column name="modifiedDate" type="Date" />

		<!-- Other fields -->

		<column name="hrTimeOffTypeId" type="long" />
		<column name="hrTimeSheetId" type="long" />
		<column name="hrUserId" type="long" />
		<column name="startDayOfYear" type="int" />
		<column name="endDayOfYear" type="int" />
		<column name="year" type="int" />
		<column name="totalHours" type="double" />
		<column name="status" type="int" />
		<column name="statusByUserId" type="long" />
		<column name="statusByUserName" type="String" />
		<column name="statusDate" type="Date" />
	</entity>
	<entity name="HRTimeOffFrequencyType" local-service="false" remote-service="false">

		<!-- PK fields -->

		<column name="hrTimeOffFrequencyTypeId" type="long" primary="true" />

		<!-- Group instance -->

		<column name="groupId" type="long" />

		<!-- Audit fields -->

		<column name="companyId" type="long" />
		<column name="userId" type="long" />
		<column name="userName" type="String" />
		<column name="createDate" type="Date" />
		<column name="modifiedDate" type="Date" />

		<!-- Other fields -->

		<column name="code" type="String" />
		<column name="name" type="String" />
		<column name="description" type="String" />

		<!-- Finder methods -->

		<finder name="G_C" return-type="HRTimeOffFrequencyType" unique="true">
			<finder-column name="groupId" />
			<finder-column name="code" />
		</finder>
	</entity>
	<entity name="HRTimeOffPolicy" local-service="false" remote-service="false">

		<!-- PK fields -->

		<column name="hrTimeOffPolicyId" type="long" primary="true" />

		<!-- Group instance -->

		<column name="groupId" type="long" />

		<!-- Audit fields -->

		<column name="companyId" type="long" />
		<column name="userId" type="long" />
		<column name="userName" type="String" />
		<column name="createDate" type="Date" />
		<column name="modifiedDate" type="Date" />

		<!-- Other fields -->

		<column name="hrTimeOffTypeId" type="long" />
		<column name="hrUserId" type="long" />
		<column name="accrueHRTimeOffFrequencyTypeId" type="long" />
		<column name="resetHRTimeOffFrequencyTypeId" type="long" />
		<column name="effectiveDate" type="Date" />
		<column name="inactive" type="boolean" />
		<column name="hoursAllowed" type="double" />
		<column name="hoursBaseAmount" type="double" />
		<column name="hoursToAccrue" type="double" />
		<column name="carryOverHoursAllowed" type="double" />
	</entity>
	<entity name="HRTimeOffType" local-service="false" remote-service="false">

		<!-- PK fields -->

		<column name="hrTimeOffTypeId" type="long" primary="true" />

		<!-- Group instance -->

		<column name="groupId" type="long" />

		<!-- Audit fields -->

		<column name="companyId" type="long" />
		<column name="userId" type="long" />
		<column name="userName" type="String" />
		<column name="createDate" type="Date" />
		<column name="modifiedDate" type="Date" />

		<!-- Other fields -->

		<column name="name" type="String" />
		<column name="description" type="String" />
	</entity>
	<entity name="HRTimeSheet" local-service="false" remote-service="false">

		<!-- PK fields -->

		<column name="hrTimeSheetId" type="long" primary="true" />

		<!-- Group instance -->

		<column name="groupId" type="long" />

		<!-- Audit fields -->

		<column name="companyId" type="long" />
		<column name="userId" type="long" />
		<column name="userName" type="String" />
		<column name="createDate" type="Date" />
		<column name="modifiedDate" type="Date" />

		<!-- Other fields -->

		<column name="hrUserId" type="long" />
		<column name="startDayOfYear" type="int" />
		<column name="endDayOfYear" type="int" />
		<column name="year" type="int" />
		<column name="status" type="int" />
		<column name="statusByUserId" type="long" />
		<column name="statusByUserName" type="String" />
		<column name="statusDate" type="Date" />
	</entity>
	<entity name="HRTimeSheetDay" local-service="false" remote-service="false">

		<!-- PK fields -->

		<column name="hrTimeSheetDayId" type="long" primary="true" />

		<!-- Group instance -->

		<column name="groupId" type="long" />

		<!-- Audit fields -->

		<column name="companyId" type="long" />
		<column name="userId" type="long" />
		<column name="userName" type="String" />
		<column name="createDate" type="Date" />
		<column name="modifiedDate" type="Date" />

		<!-- Other fields -->

		<column name="hrTimeSheetId" type="long" />
		<column name="hrUserId" type="long" />
		<column name="dayOfYear" type="int" />
		<column name="year" type="int" />
		<column name="hours" type="double" />
	</entity>
	<entity name="HRTimeSheetHoursPerDay" local-service="false" remote-service="false">

		<!-- PK fields -->

		<column name="hrTimeSheetHoursPerDayId" type="long" primary="true" />

		<!-- Group instance -->

		<column name="groupId" type="long" />

		<!-- Audit fields -->

		<column name="companyId" type="long" />
		<column name="userId" type="long" />
		<column name="userName" type="String" />
		<column name="createDate" type="Date" />
		<column name="modifiedDate" type="Date" />

		<!-- Other fields -->

		<column name="hrOfficeId" type="long" />
		<column name="hoursPerDay" type="double" />
	</entity>
	<entity name="HRUserTimeOff" local-service="false" remote-service="false">

		<!-- PK fields -->

		<column name="hrUserTimeOffId" type="long" primary="true" />

		<!-- Group instance -->

		<column name="groupId" type="long" />

		<!-- Audit fields -->

		<column name="companyId" type="long" />
		<column name="userId" type="long" />
		<column name="userName" type="String" />
		<column name="createDate" type="Date" />
		<column name="modifiedDate" type="Date" />

		<!-- Other fields -->

		<column name="hrTimeOffTypeId" type="long" />
		<column name="hrUserId" type="long" />
		<column name="year" type="int" />
		<column name="hoursAllowed" type="double" />
		<column name="hoursAccrued" type="double" />
		<column name="hoursCarriedOver" type="double" />
		<column name="hoursUsed" type="double" />
	</entity>
</service-builder>