<?xml version="1.0"?>
<!DOCTYPE service-builder PUBLIC "-//Liferay//DTD Service Builder 6.1.0//EN" "http://www.liferay.com/dtd/liferay-service-builder_6_1_0.dtd">

<service-builder package-path="com.liferay.portlet.ratings">
	<namespace>Ratings</namespace>
	<entity name="RatingsEntry" local-service="true" remote-service="true">

		<!-- PK fields -->

		<column name="entryId" type="long" primary="true" />

		<!-- Audit fields -->

		<column name="companyId" type="long" />
		<column name="userId" type="long" />
		<column name="userName" type="String" />
		<column name="createDate" type="Date" />
		<column name="modifiedDate" type="Date" />

		<!-- Other fields -->

		<column name="classNameId" type="long" />
		<column name="classPK" type="long" />
		<column name="score" type="double" />

		<!-- Finder methods -->

		<finder name="C_C" return-type="Collection">
			<finder-column name="classNameId" />
			<finder-column name="classPK" />
		</finder>
		<finder name="U_C_C" return-type="Ratings" unique="true">
			<finder-column name="userId" />
			<finder-column name="classNameId" />
			<finder-column name="classPK" />
		</finder>
		<finder name="C_C_S" return-type="Collection">
			<finder-column name="classNameId" />
			<finder-column name="classPK" />
			<finder-column name="score" />
		</finder>

		<!-- References -->

		<reference package-path="com.liferay.portlet.blogs" entity="BlogsEntry" />
		<reference package-path="com.liferay.portlet.blogs" entity="BlogsStatsUser" />
		<reference package-path="com.liferay.portlet.social" entity="SocialEquityLog" />
	</entity>
	<entity name="RatingsStats" local-service="true" remote-service="false">

		<!-- PK fields -->

		<column name="statsId" type="long" primary="true" />

		<!-- Other fields -->

		<column name="classNameId" type="long" />
		<column name="classPK" type="long" />
		<column name="totalEntries" type="int" />
		<column name="totalScore" type="double" />
		<column name="averageScore" type="double" />

		<!-- Finder methods -->

		<finder name="C_C" return-type="RatingsStats" unique="true">
			<finder-column name="classNameId" />
			<finder-column name="classPK" />
		</finder>
	</entity>
</service-builder>