<?xml version="1.0"?>

<beans
	default-destroy-method="destroy"
	default-init-method="afterPropertiesSet"
	xmlns="http://www.springframework.org/schema/beans"
	xmlns:util="http://www.springframework.org/schema/util"
	xmlns:xsi="http://www.w3.org/2001/XMLSchema-instance"
	xsi:schemaLocation="http://www.springframework.org/schema/beans http://www.springframework.org/schema/beans/spring-beans-3.0.xsd http://www.springframework.org/schema/util http://www.springframework.org/schema/util/spring-util-3.0.xsd"
>
	<bean id="chainableMethodAdviceInjector.clusterableAdvice" class="com.liferay.portal.spring.aop.ChainableMethodAdviceInjector">
		<property name="injectCondition">
			<util:constant static-field="com.liferay.portal.util.PropsValues.CLUSTER_LINK_ENABLED" />
		</property>
		<property name="newChainableMethodAdvice">
			<bean class="com.liferay.portal.cluster.ClusterableAdvice" />
		</property>
		<property name="parentChainableMethodAdvice" ref="serviceAdvice" />
	</bean>
	<bean id="com.liferay.portal.kernel.cluster.ClusterExecutor" class="com.liferay.portal.cluster.ClusterExecutorImpl">
		<property name="shortcutLocalMethod" value="true" />
	</bean>
	<bean id="com.liferay.portal.kernel.cluster.ClusterExecutorUtil" class="com.liferay.portal.kernel.cluster.ClusterExecutorUtil">
		<property name="clusterExecutor" ref="com.liferay.portal.kernel.cluster.ClusterExecutor" />
	</bean>
	<bean id="com.liferay.portal.kernel.cluster.ClusterLink" class="com.liferay.portal.cluster.ClusterLinkImpl">
		<property name="clusterForwardMessageListener">
			<bean class="com.liferay.portal.kernel.cluster.messaging.ClusterForwardMessageListener" />
		</property>
	</bean>
	<bean id="com.liferay.portal.kernel.cluster.ClusterLinkUtil" class="com.liferay.portal.kernel.cluster.ClusterLinkUtil">
		<property name="clusterLink" ref="com.liferay.portal.kernel.cluster.ClusterLink" />
	</bean>
</beans>